Workbook

Sheet 2026 토탈
Y1: 리그 | AB1: 리그 | AE1: 시즌 | AH1: 시즌 | BI1: K리그1 2026 리그순위 (2026-10-24 - 33R 종료)
A2: 대회 | B2: 일자 | C2: 요일 | D2: 라운드 | E2: 상대팀 | F2: 홈/원정 | G2: 득점 | H2: 실점 | I2: 결과 | J2: 중계채널 | K2: 해설 | L2: 캐스터 | M2: 득점1 | N2: 득점2 | O2: 득점3 | P2: 득점4 | Q2: 도움1 | R2: 도움2 | S2: 도움3 | T2: 도움4 | U2: 홈 관중 | V2: 주심 | X2: 이름 | Y2: 출전 | Z2: 선발 | AA2: 교체 | AB2: 득점 | AC2: 도움 | AD2: 합계 | AE2: 출전 | AF2: 선발 | AG2: 교체 | AH2: 득점 | AI2: 도움 | AJ2: 합계 | AM2: 홈/원정 | AN2: 경기 | AO2: 승 | AP2: 무 | AQ2: 패 | AR2: 승점 | AS2: 승률 | AT2: 득점 | AU2: 실점 | AV2: 득실 | AW2: 평균 승점 | AX2: 평균 득점 | AY2: 평균 실점 | BA2: 주심 | BB2: 경기 | BC2: 승 | BD2: 무 | BE2: 패 | BF2: 승점 | BG2: 승률 | BI2: 순위 | BJ2: 팀 | BK2: 경기 | BL2: 승 | BM2: 무 | BN2: 패 | BO2: 득점 | BP2: 실점 | BQ2: 득실 | BR2: 승점
A3: K리그 | B3: 2월 28일 | C3: 토 | D3: 1 | E3: 서울 | F3: 홈 | G3: 1 | H3: 2 | I3: 패 | M3: 무고사 | U3: 18108 | V3: 이동준 | X3: 무고사 | Y3: =Z3+AA3 -> 30 | Z3: =COUNTIF('출전기록 (26)'!C$2:M$39,'2026 토탈'!X3) -> 21 | AA3: =COUNTIF('출전기록 (26)'!N$2:S$39,'2026 토탈'!X3) -> 9 | AB3: =COUNTIF($M$3:$P$40,$X3) -> 14 | AC3: =COUNTIF($Q$3:$T$40,$X3) -> 2 | AD3: =AB3+AC3 -> 16 | AE3: =AF3+AG3 -> 30 | AF3: =COUNTIF('출전기록 (26)'!W$2:AG$7,'2026 토탈'!X3)+Z3 -> 21 | AG3: =COUNTIF('출전기록 (26)'!AH$2:AM$7,'2026 토탈'!X3)+AA3 -> 9 | AH3: =COUNTIF($M$3:$P$41,$X3) -> 14 | AI3: =COUNTIF($Q$3:$T$41,$X3) -> 2 | AJ3: =AH3+AI3 -> 16 | AM3: 홈 | AN3: =SUM(AO3:AQ3) -> 17 | AO3: =COUNTIFS($A$3:$A$40,"K리그",$F$3:$F$40,$AM3,$I$3:$I$40,AO$2) -> 7 | AP3: =COUNTIFS($A$3:$A$40,"K리그",$F$3:$F$40,$AM3,$I$3:$I$40,AP$2) -> 4 | AQ3: =COUNTIFS($A$3:$A$40,"K리그",$F$3:$F$40,$AM3,$I$3:$I$40,AQ$2) -> 6 | AR3: =AO3*3+AP3 -> 25 | AS3: =IFERROR(AO3/AN3,0) -> 0.41176471 | AT3: =SUMIFS($G$3:$G$40,$A$3:$A$40,"K리그",$F$3:$F$40,$AM3) -> 23 | AU3: =SUMIFS($H$3:$H$40,$A$3:$A$40,"K리그",$F$3:$F$40,$AM3) -> 17 | AV3: =AT3-AU3 -> 6 | AW3: =IFERROR(AR3/AN3,0) -> 1.4705882 | AX3: =IFERROR(AT3/AN3,0) -> 1.3529412 | AY3: =IFERROR(AU3/AN3,0) -> 1 | BA3: 이동준 | BB3: =SUM(BC3:BE3) -> 2 | BC3: =COUNTIFS($V$3:$V$40,$BA3,$I$3:$I$40,BC$2) -> 0 | BD3: =COUNTIFS($V$3:$V$40,$BA3,$I$3:$I$40,BD$2) -> 0 | BE3: =COUNTIFS($V$3:$V$40,$BA3,$I$3:$I$40,BE$2) -> 2 | BF3: =BC3*3+BD3 -> 0 | BG3: =IFERROR(BC3/BB3,0) -> 0 | BI3: 1 | BJ3: 서울 | BK3: 33 | BL3: 20 | BM3: 7 | BN3: 6 | BO3: 61 | BP3: 29 | BQ3: =BO3-BP3 -> 32 | BR3: 67
A4: K리그 | B4: 3월 7일 | C4: 토 | D4: 2 | E4: 광주 | F4: 원정 | G4: 2 | H4: 3 | I4: 패 | M4: 오후성 | N4: 서재민 | Q4: 김명순 | R4: 무고사 | V4: 최현재 | X4: 박승호 | Y4: =Z4+AA4 -> 14 | Z4: =COUNTIF('출전기록 (26)'!C$2:M$39,'2026 토탈'!X4) -> 6 | AA4: =COUNTIF('출전기록 (26)'!N$2:S$39,'2026 토탈'!X4) -> 8 | AB4: =COUNTIF($M$3:$P$40,$X4) -> 0 | AC4: =COUNTIF($Q$3:$T$40,$X4) -> 0 | AD4: =AB4+AC4 -> 0 | AE4: =AF4+AG4 -> 14 | AF4: =COUNTIF('출전기록 (26)'!W$2:AG$7,'2026 토탈'!X4)+Z4 -> 6 | AG4: =COUNTIF('출전기록 (26)'!AH$2:AM$7,'2026 토탈'!X4)+AA4 -> 8 | AH4: =COUNTIF($M$3:$P$41,$X4) -> 0 | AI4: =COUNTIF($Q$3:$T$41,$X4) -> 0 | AJ4: =AH4+AI4 -> 0 | AM4: 원정 | AN4: =SUM(AO4:AQ4) -> 16 | AO4: =COUNTIFS($A$3:$A$40,"K리그",$F$3:$F$40,$AM4,$I$3:$I$40,AO$2) -> 5 | AP4: =COUNTIFS($A$3:$A$40,"K리그",$F$3:$F$40,$AM4,$I$3:$I$40,AP$2) -> 6 | AQ4: =COUNTIFS($A$3:$A$40,"K리그",$F$3:$F$40,$AM4,$I$3:$I$40,AQ$2) -> 5 | AR4: =AO4*3+AP4 -> 21 | AS4: =IFERROR(AO4/AN4,0) -> 0.3125 | AT4: =SUMIFS($G$3:$G$40,$A$3:$A$40,"K리그",$F$3:$F$40,$AM4) -> 20 | AU4: =SUMIFS($H$3:$H$40,$A$3:$A$40,"K리그",$F$3:$F$40,$AM4) -> 18 | AV4: =AT4-AU4 -> 2 | AW4: =IFERROR(AR4/AN4,0) -> 1.3125 | AX4: =IFERROR(AT4/AN4,0) -> 1.25 | AY4: =IFERROR(AU4/AN4,0) -> 1.125 | BA4: 최현재 | BB4: =SUM(BC4:BE4) -> 3 | BC4: =COUNTIFS($V$3:$V$40,$BA4,$I$3:$I$40,BC$2) -> 1 | BD4: =COUNTIFS($V$3:$V$40,$BA4,$I$3:$I$40,BD$2) -> 1 | BE4: =COUNTIFS($V$3:$V$40,$BA4,$I$3:$I$40,BE$2) -> 1 | BF4: =BC4*3+BD4 -> 4 | BG4: =IFERROR(BC4/BB4,0) -> 0.33333333 | BI4: 2 | BJ4: 울산 | BK4: 33 | BL4: 15 | BM4: 6 | BN4: 12 | BO4: 52 | BP4: 47 | BQ4: =BO4-BP4 -> 5 | BR4: 51
A5: K리그 | B5: 3월 15일 | C5: 일 | D5: 3 | E5: 포항 | F5: 원정 | G5: 1 | H5: 1 | I5: 무 | M5: 무고사 | V5: 설태환 | X5: 이동률 | Y5: =Z5+AA5 -> 29 | Z5: =COUNTIF('출전기록 (26)'!C$2:M$39,'2026 토탈'!X5) -> 16 | AA5: =COUNTIF('출전기록 (26)'!N$2:S$39,'2026 토탈'!X5) -> 13 | AB5: =COUNTIF($M$3:$P$40,$X5) -> 4 | AC5: =COUNTIF($Q$3:$T$40,$X5) -> 2 | AD5: =AB5+AC5 -> 6 | AE5: =AF5+AG5 -> 29 | AF5: =COUNTIF('출전기록 (26)'!W$2:AG$7,'2026 토탈'!X5)+Z5 -> 16 | AG5: =COUNTIF('출전기록 (26)'!AH$2:AM$7,'2026 토탈'!X5)+AA5 -> 13 | AH5: =COUNTIF($M$3:$P$41,$X5) -> 4 | AI5: =COUNTIF($Q$3:$T$41,$X5) -> 2 | AJ5: =AH5+AI5 -> 6 | AM5: 총합 | AN5: =SUM(AN3:AN4) -> 33 | AO5: =SUM(AO3:AO4) -> 12 | AP5: =SUM(AP3:AP4) -> 10 | AQ5: =SUM(AQ3:AQ4) -> 11 | AR5: =SUM(AR3:AR4) -> 46 | AS5: =IFERROR(AO5/AN5,0) -> 0.36363636 | AT5: =SUM(AT3:AT4) -> 43 | AU5: =SUM(AU3:AU4) -> 35 | AV5: =SUM(AV3:AV4) -> 8 | AW5: =IFERROR(AR5/AN5,0) -> 1.3939394 | AX5: =IFERROR(AT5/AN5,0) -> 1.3030303 | AY5: =IFERROR(AU5/AN5,0) -> 1.0606061 | BA5: 설태환 | BB5: =SUM(BC5:BE5) -> 3 | BC5: =COUNTIFS($V$3:$V$40,$BA5,$I$3:$I$40,BC$2) -> 0 | BD5: =COUNTIFS($V$3:$V$40,$BA5,$I$3:$I$40,BD$2) -> 2 | BE5: =COUNTIFS($V$3:$V$40,$BA5,$I$3:$I$40,BE$2) -> 1 | BF5: =BC5*3+BD5 -> 2 | BG5: =IFERROR(BC5/BB5,0) -> 0 | BI5: 3 | BJ5: 대전 | BK5: 33 | BL5: 13 | BM5: 10 | BN5: 10 | BO5: 53 | BP5: 41 | BQ5: =BO5-BP5 -> 12 | BR5: 49
A6: K리그 | B6: 3월 18일 | C6: 수 | D6: 4 | E6: 대전 | F6: 홈 | G6: 1 | H6: 3 | I6: 패 | M6: 무고사 | Q6: 이주용 | U6: 6360 | V6: 김종혁 | X6: 페리어 | Y6: =Z6+AA6 -> 29 | Z6: =COUNTIF('출전기록 (26)'!C$2:M$39,'2026 토탈'!X6) -> 16 | AA6: =COUNTIF('출전기록 (26)'!N$2:S$39,'2026 토탈'!X6) -> 13 | AB6: =COUNTIF($M$3:$P$40,$X6) -> 7 | AC6: =COUNTIF($Q$3:$T$40,$X6) -> 2 | AD6: =AB6+AC6 -> 9 | AE6: =AF6+AG6 -> 29 | AF6: =COUNTIF('출전기록 (26)'!W$2:AG$7,'2026 토탈'!X6)+Z6 -> 16 | AG6: =COUNTIF('출전기록 (26)'!AH$2:AM$7,'2026 토탈'!X6)+AA6 -> 13 | AH6: =COUNTIF($M$3:$P$41,$X6) -> 7 | AI6: =COUNTIF($Q$3:$T$41,$X6) -> 2 | AJ6: =AH6+AI6 -> 9 | AM6: 팀명 | AN6: 경기 | AO6: 승 | AP6: 무 | AQ6: 패 | AR6: 승점 | AS6: 승률 | AT6: 득점 | AU6: 실점 | AV6: 득실 | BA6: 김종혁 | BB6: =SUM(BC6:BE6) -> 5 | BC6: =COUNTIFS($V$3:$V$40,$BA6,$I$3:$I$40,BC$2) -> 2 | BD6: =COUNTIFS($V$3:$V$40,$BA6,$I$3:$I$40,BD$2) -> 1 | BE6: =COUNTIFS($V$3:$V$40,$BA6,$I$3:$I$40,BE$2) -> 2 | BF6: =BC6*3+BD6 -> 7 | BG6: =IFERROR(BC6/BB6,0) -> 0.4 | BI6: 4 | BJ6: 전북 | BK6: 33 | BL6: 12 | BM6: 12 | BN6: 9 | BO6: 43 | BP6: 33 | BQ6: =BO6-BP6 -> 10 | BR6: 48
A7: K리그 | B7: 3월 22일 | C7: 일 | D7: 5 | E7: 안양 | F7: 원정 | G7: 1 | H7: 0 | I7: 승 | M7: 무고사 | V7: 채상협 | X7: 제르소 | Y7: =Z7+AA7 -> 33 | Z7: =COUNTIF('출전기록 (26)'!C$2:M$39,'2026 토탈'!X7) -> 19 | AA7: =COUNTIF('출전기록 (26)'!N$2:S$39,'2026 토탈'!X7) -> 14 | AB7: =COUNTIF($M$3:$P$40,$X7) -> 4 | AC7: =COUNTIF($Q$3:$T$40,$X7) -> 0 | AD7: =AB7+AC7 -> 4 | AE7: =AF7+AG7 -> 33 | AF7: =COUNTIF('출전기록 (26)'!W$2:AG$7,'2026 토탈'!X7)+Z7 -> 19 | AG7: =COUNTIF('출전기록 (26)'!AH$2:AM$7,'2026 토탈'!X7)+AA7 -> 14 | AH7: =COUNTIF($M$3:$P$41,$X7) -> 4 | AI7: =COUNTIF($Q$3:$T$41,$X7) -> 0 | AJ7: =AH7+AI7 -> 4 | AL7: K리그 | AM7: 전북 | AN7: =SUM(AO7:AQ7) -> 3 | AO7: =COUNTIFS(A:A,AL7,E:E,AM7,I:I,"승") -> 2 | AP7: =COUNTIFS(A:A,AL7,E:E,AM7,I:I,"무") -> 1 | AQ7: =COUNTIFS(A:A,AL7,E:E,AM7,I:I,"패") -> 0 | AR7: =AO7*3+AP7 -> 7 | AS7: =AO7/AN7 -> 0.66666667 | AT7: =SUMIF(E:E,AM7,G:G) -> 4 | AU7: =SUMIF(E:E,AM7,H:H) -> 2 | AV7: =AT7-AU7 -> 2 | BA7: 채상협 | BB7: =SUM(BC7:BE7) -> 1 | BC7: =COUNTIFS($V$3:$V$40,$BA7,$I$3:$I$40,BC$2) -> 1 | BD7: =COUNTIFS($V$3:$V$40,$BA7,$I$3:$I$40,BD$2) -> 0 | BE7: =COUNTIFS($V$3:$V$40,$BA7,$I$3:$I$40,BE$2) -> 0 | BF7: =BC7*3+BD7 -> 3 | BG7: =IFERROR(BC7/BB7,0) -> 1 | BI7: 5 | BJ7: 강원 | BK7: 33 | BL7: 11 | BM7: 15 | BN7: 7 | BO7: 40 | BP7: 30 | BQ7: =BO7-BP7 -> 10 | BR7: 48
A8: K리그 | B8: 4월 5일 | C8: 일 | D8: 6 | E8: 김천 | F8: 홈 | G8: 2 | H8: 1 | I8: 승 | M8: 무고사 | N8: 무고사 | Q8: 이명주 | U8: 8239 | V8: 최철준 | X8: 서재민 | Y8: =Z8+AA8 -> 32 | Z8: =COUNTIF('출전기록 (26)'!C$2:M$39,'2026 토탈'!X8) -> 30 | AA8: =COUNTIF('출전기록 (26)'!N$2:S$39,'2026 토탈'!X8) -> 2 | AB8: =COUNTIF($M$3:$P$40,$X8) -> 1 | AC8: =COUNTIF($Q$3:$T$40,$X8) -> 1 | AD8: =AB8+AC8 -> 2 | AE8: =AF8+AG8 -> 32 | AF8: =COUNTIF('출전기록 (26)'!W$2:AG$7,'2026 토탈'!X8)+Z8 -> 30 | AG8: =COUNTIF('출전기록 (26)'!AH$2:AM$7,'2026 토탈'!X8)+AA8 -> 2 | AH8: =COUNTIF($M$3:$P$41,$X8) -> 1 | AI8: =COUNTIF($Q$3:$T$41,$X8) -> 1 | AJ8: =AH8+AI8 -> 2 | AL8: K리그 | AM8: 대전 | AN8: =SUM(AO8:AQ8) -> 3 | AO8: =COUNTIFS(A:A,AL8,E:E,AM8,I:I,"승") -> 0 | AP8: =COUNTIFS(A:A,AL8,E:E,AM8,I:I,"무") -> 2 | AQ8: =COUNTIFS(A:A,AL8,E:E,AM8,I:I,"패") -> 1 | AR8: =AO8*3+AP8 -> 2 | AS8: =AO8/AN8 -> 0 | AT8: =SUMIF(E:E,AM8,G:G) -> 2 | AU8: =SUMIF(E:E,AM8,H:H) -> 4 | AV8: =AT8-AU8 -> -2 | BA8: 최철준 | BB8: =SUM(BC8:BE8) -> 3 | BC8: =COUNTIFS($V$3:$V$40,$BA8,$I$3:$I$40,BC$2) -> 1 | BD8: =COUNTIFS($V$3:$V$40,$BA8,$I$3:$I$40,BD$2) -> 1 | BE8: =COUNTIFS($V$3:$V$40,$BA8,$I$3:$I$40,BE$2) -> 1 | BF8: =BC8*3+BD8 -> 4 | BG8: =IFERROR(BC8/BB8,0) -> 0.33333333 | BI8: 6 | BJ8: 인천 | BK8: 33 | BL8: 12 | BM8: 10 | BN8: 11 | BO8: 43 | BP8: 35 | BQ8: =BO8-BP8 -> 8 | BR8: 46
A9: K리그 | B9: 4월 11일 | C9: 토 | D9: 7 | E9: 울산 | F9: 홈 | G9: 1 | H9: 2 | I9: 패 | M9: 무고사 | Q9: 서재민 | U9: 11358 | V9: 송민석 | X9: 이명주 | Y9: =Z9+AA9 -> 31 | Z9: =COUNTIF('출전기록 (26)'!C$2:M$39,'2026 토탈'!X9) -> 27 | AA9: =COUNTIF('출전기록 (26)'!N$2:S$39,'2026 토탈'!X9) -> 4 | AB9: =COUNTIF($M$3:$P$40,$X9) -> 2 | AC9: =COUNTIF($Q$3:$T$40,$X9) -> 3 | AD9: =AB9+AC9 -> 5 | AE9: =AF9+AG9 -> 31 | AF9: =COUNTIF('출전기록 (26)'!W$2:AG$7,'2026 토탈'!X9)+Z9 -> 27 | AG9: =COUNTIF('출전기록 (26)'!AH$2:AM$7,'2026 토탈'!X9)+AA9 -> 4 | AH9: =COUNTIF($M$3:$P$41,$X9) -> 2 | AI9: =COUNTIF($Q$3:$T$41,$X9) -> 3 | AJ9: =AH9+AI9 -> 5 | AL9: K리그 | AM9: 김천 | AN9: =SUM(AO9:AQ9) -> 3 | AO9: =COUNTIFS(A:A,AL9,E:E,AM9,I:I,"승") -> 2 | AP9: =COUNTIFS(A:A,AL9,E:E,AM9,I:I,"무") -> 1 | AQ9: =COUNTIFS(A:A,AL9,E:E,AM9,I:I,"패") -> 0 | AR9: =AO9*3+AP9 -> 7 | AS9: =AO9/AN9 -> 0.66666667 | AT9: =SUMIF(E:E,AM9,G:G) -> 6 | AU9: =SUMIF(E:E,AM9,H:H) -> 2 | AV9: =AT9-AU9 -> 4 | BA9: 송민석 | BB9: =SUM(BC9:BE9) -> 3 | BC9: =COUNTIFS($V$3:$V$40,$BA9,$I$3:$I$40,BC$2) -> 1 | BD9: =COUNTIFS($V$3:$V$40,$BA9,$I$3:$I$40,BD$2) -> 1 | BE9: =COUNTIFS($V$3:$V$40,$BA9,$I$3:$I$40,BE$2) -> 1 | BF9: =BC9*3+BD9 -> 4 | BG9: =IFERROR(BC9/BB9,0) -> 0.33333333 | BI9: 7 | BJ9: 제주 | BK9: 33 | BL9: 12 | BM9: 10 | BN9: 11 | BO9: 39 | BP9: 37 | BQ9: =BO9-BP9 -> 2 | BR9: 46
A10: K리그 | B10: 4월 18일 | C10: 토 | D10: 8 | E10: 부천 | F10: 원정 | G10: 2 | H10: 2 | I10: 무 | M10: 페리어 | N10: 제르소 | Q10: 김명순 | V10: 신용준 | X10: 오후성 | Y10: =Z10+AA10 -> 9 | Z10: =COUNTIF('출전기록 (26)'!C$2:M$39,'2026 토탈'!X10) -> 7 | AA10: =COUNTIF('출전기록 (26)'!N$2:S$39,'2026 토탈'!X10) -> 2 | AB10: =COUNTIF($M$3:$P$40,$X10) -> 1 | AC10: =COUNTIF($Q$3:$T$40,$X10) -> 0 | AD10: =AB10+AC10 -> 1 | AE10: =AF10+AG10 -> 9 | AF10: =COUNTIF('출전기록 (26)'!W$2:AG$7,'2026 토탈'!X10)+Z10 -> 7 | AG10: =COUNTIF('출전기록 (26)'!AH$2:AM$7,'2026 토탈'!X10)+AA10 -> 2 | AH10: =COUNTIF($M$3:$P$41,$X10) -> 1 | AI10: =COUNTIF($Q$3:$T$41,$X10) -> 0 | AJ10: =AH10+AI10 -> 1 | AL10: K리그 | AM10: 서울 | AN10: =SUM(AO10:AQ10) -> 3 | AO10: =COUNTIFS(A:A,AL10,E:E,AM10,I:I,"승") -> 0 | AP10: =COUNTIFS(A:A,AL10,E:E,AM10,I:I,"무") -> 0 | AQ10: =COUNTIFS(A:A,AL10,E:E,AM10,I:I,"패") -> 3 | AR10: =AO10*3+AP10 -> 0 | AS10: =AO10/AN10 -> 0 | AT10: =SUMIF(E:E,AM10,G:G) -> 1 | AU10: =SUMIF(E:E,AM10,H:H) -> 4 | AV10: =AT10-AU10 -> -3 | BA10: 신용준 | BB10: =SUM(BC10:BE10) -> 4 | BC10: =COUNTIFS($V$3:$V$40,$BA10,$I$3:$I$40,BC$2) -> 2 | BD10: =COUNTIFS($V$3:$V$40,$BA10,$I$3:$I$40,BD$2) -> 1 | BE10: =COUNTIFS($V$3:$V$40,$BA10,$I$3:$I$40,BE$2) -> 1 | BF10: =BC10*3+BD10 -> 7 | BG10: =IFERROR(BC10/BB10,0) -> 0.5 | BI10: 8 | BJ10: 안양 | BK10: 33 | BL10: 10 | BM10: 13 | BN10: 10 | BO10: 40 | BP10: 48 | BQ10: =BO10-BP10 -> -8 | BR10: 43
A11: K리그 | B11: 4월 21일 | C11: 화 | D11: 9 | E11: 전북 | F11: 원정 | G11: 2 | H11: 1 | I11: 승 | M11: 이명주 | N11: 이동률 | Q11: 최승구 | V11: 김종혁 | X11: 이청용 | Y11: =Z11+AA11 -> 33 | Z11: =COUNTIF('출전기록 (26)'!C$2:M$39,'2026 토탈'!X11) -> 22 | AA11: =COUNTIF('출전기록 (26)'!N$2:S$39,'2026 토탈'!X11) -> 11 | AB11: =COUNTIF($M$3:$P$40,$X11) -> 3 | AC11: =COUNTIF($Q$3:$T$40,$X11) -> 2 | AD11: =AB11+AC11 -> 5 | AE11: =AF11+AG11 -> 33 | AF11: =COUNTIF('출전기록 (26)'!W$2:AG$7,'2026 토탈'!X11)+Z11 -> 22 | AG11: =COUNTIF('출전기록 (26)'!AH$2:AM$7,'2026 토탈'!X11)+AA11 -> 11 | AH11: =COUNTIF($M$3:$P$41,$X11) -> 3 | AI11: =COUNTIF($Q$3:$T$41,$X11) -> 2 | AJ11: =AH11+AI11 -> 5 | AL11: K리그 | AM11: 포항 | AN11: =SUM(AO11:AQ11) -> 3 | AO11: =COUNTIFS(A:A,AL11,E:E,AM11,I:I,"승") -> 1 | AP11: =COUNTIFS(A:A,AL11,E:E,AM11,I:I,"무") -> 1 | AQ11: =COUNTIFS(A:A,AL11,E:E,AM11,I:I,"패") -> 1 | AR11: =AO11*3+AP11 -> 4 | AS11: =AO11/AN11 -> 0.33333333 | AT11: =SUMIF(E:E,AM11,G:G) -> 4 | AU11: =SUMIF(E:E,AM11,H:H) -> 2 | AV11: =AT11-AU11 -> 2 | BA11: 고형진 | BB11: =SUM(BC11:BE11) -> 3 | BC11: =COUNTIFS($V$3:$V$40,$BA11,$I$3:$I$40,BC$2) -> 1 | BD11: =COUNTIFS($V$3:$V$40,$BA11,$I$3:$I$40,BD$2) -> 0 | BE11: =COUNTIFS($V$3:$V$40,$BA11,$I$3:$I$40,BE$2) -> 2 | BF11: =BC11*3+BD11 -> 3 | BG11: =IFERROR(BC11/BB11,0) -> 0.33333333 | BI11: 9 | BJ11: 포항 | BK11: 33 | BL11: 11 | BM11: 9 | BN11: 13 | BO11: 30 | BP11: 39 | BQ11: =BO11-BP11 -> -9 | BR11: 42
A12: K리그 | B12: 4월 25일 | C12: 토 | D12: 10 | E12: 제주 | F12: 홈 | G12: 1 | H12: 0 | I12: 승 | M12: 페리어 | Q12: 이동률 | U12: 8371 | V12: 최현재 | X12: 정치인 | Y12: =Z12+AA12 -> 19 | Z12: =COUNTIF('출전기록 (26)'!C$2:M$39,'2026 토탈'!X12) -> 7 | AA12: =COUNTIF('출전기록 (26)'!N$2:S$39,'2026 토탈'!X12) -> 12 | AB12: =COUNTIF($M$3:$P$40,$X12) -> 0 | AC12: =COUNTIF($Q$3:$T$40,$X12) -> 1 | AD12: =AB12+AC12 -> 1 | AE12: =AF12+AG12 -> 19 | AF12: =COUNTIF('출전기록 (26)'!W$2:AG$7,'2026 토탈'!X12)+Z12 -> 7 | AG12: =COUNTIF('출전기록 (26)'!AH$2:AM$7,'2026 토탈'!X12)+AA12 -> 12 | AH12: =COUNTIF($M$3:$P$41,$X12) -> 0 | AI12: =COUNTIF($Q$3:$T$41,$X12) -> 1 | AJ12: =AH12+AI12 -> 1 | AL12: K리그 | AM12: 강원 | AN12: =SUM(AO12:AQ12) -> 3 | AO12: =COUNTIFS(A:A,AL12,E:E,AM12,I:I,"승") -> 0 | AP12: =COUNTIFS(A:A,AL12,E:E,AM12,I:I,"무") -> 2 | AQ12: =COUNTIFS(A:A,AL12,E:E,AM12,I:I,"패") -> 1 | AR12: =AO12*3+AP12 -> 2 | AT12: =SUMIF(E:E,AM12,G:G) -> 1 | AU12: =SUMIF(E:E,AM12,H:H) -> 2 | AV12: =AT12-AU12 -> -1 | BA12: 김우성 | BB12: =SUM(BC12:BE12) -> 2 | BC12: =COUNTIFS($V$3:$V$40,$BA12,$I$3:$I$40,BC$2) -> 2 | BD12: =COUNTIFS($V$3:$V$40,$BA12,$I$3:$I$40,BD$2) -> 0 | BE12: =COUNTIFS($V$3:$V$40,$BA12,$I$3:$I$40,BE$2) -> 0 | BF12: =BC12*3+BD12 -> 6 | BG12: =IFERROR(BC12/BB12,0) -> 1 | BI12: 10 | BJ12: 김천 | BK12: 33 | BL12: 5 | BM12: 19 | BN12: 9 | BO12: 33 | BP12: 41 | BQ12: =BO12-BP12 -> -8 | BR12: 34
A13: K리그 | B13: 5월 2일 | C13: 토 | D13: 11 | E13: 강원 | F13: 홈 | G13: 0 | H13: 1 | I13: 패 | U13: 11404 | V13: 고형진 | X13: 이케르 | Y13: =Z13+AA13 -> 9 | Z13: =COUNTIF('출전기록 (26)'!C$2:M$39,'2026 토탈'!X13) -> 2 | AA13: =COUNTIF('출전기록 (26)'!N$2:S$39,'2026 토탈'!X13) -> 7 | AB13: =COUNTIF($M$3:$P$40,$X13) -> 0 | AC13: =COUNTIF($Q$3:$T$40,$X13) -> 0 | AD13: =AB13+AC13 -> 0 | AE13: =AF13+AG13 -> 9 | AF13: =COUNTIF('출전기록 (26)'!W$2:AG$7,'2026 토탈'!X13)+Z13 -> 2 | AG13: =COUNTIF('출전기록 (26)'!AH$2:AM$7,'2026 토탈'!X13)+AA13 -> 7 | AH13: =COUNTIF($M$3:$P$41,$X13) -> 0 | AI13: =COUNTIF($Q$3:$T$41,$X13) -> 0 | AJ13: =AH13+AI13 -> 0 | AL13: K리그 | AM13: 광주 | AN13: =SUM(AO13:AQ13) -> 3 | AO13: =COUNTIFS(A:A,AL13,E:E,AM13,I:I,"승") -> 2 | AP13: =COUNTIFS(A:A,AL13,E:E,AM13,I:I,"무") -> 0 | AQ13: =COUNTIFS(A:A,AL13,E:E,AM13,I:I,"패") -> 1 | AR13: =AO13*3+AP13 -> 6 | AS13: =AO13/AN13 -> 0.66666667 | AT13: =SUMIF(E:E,AM13,G:G) -> 7 | AU13: =SUMIF(E:E,AM13,H:H) -> 3 | AV13: =AT13-AU13 -> 4 | BA13: 박병진 | BB13: =SUM(BC13:BE13) -> 2 | BC13: =COUNTIFS($V$3:$V$40,$BA13,$I$3:$I$40,BC$2) -> 1 | BD13: =COUNTIFS($V$3:$V$40,$BA13,$I$3:$I$40,BD$2) -> 1 | BE13: =COUNTIFS($V$3:$V$40,$BA13,$I$3:$I$40,BE$2) -> 0 | BF13: =BC13*3+BD13 -> 4 | BG13: =IFERROR(BC13/BB13,0) -> 0.5 | BI13: 11 | BJ13: 부천 | BK13: 33 | BL13: 7 | BM13: 11 | BN13: 15 | BO13: 32 | BP13: 47 | BQ13: =BO13-BP13 -> -15 | BR13: 32
A14: K리그 | B14: 5월 5일 | C14: 화 | D14: 12 | E14: 대전 | F14: 원정 | G14: 0 | H14: 0 | I14: 무 | V14: 김종혁 | X14: 김성민 | Y14: =Z14+AA14 -> 19 | Z14: =COUNTIF('출전기록 (26)'!C$2:M$39,'2026 토탈'!X14) -> 8 | AA14: =COUNTIF('출전기록 (26)'!N$2:S$39,'2026 토탈'!X14) -> 11 | AB14: =COUNTIF($M$3:$P$40,$X14) -> 0 | AC14: =COUNTIF($Q$3:$T$40,$X14) -> 1 | AD14: =AB14+AC14 -> 1 | AE14: =AF14+AG14 -> 19 | AF14: =COUNTIF('출전기록 (26)'!W$2:AG$7,'2026 토탈'!X14)+Z14 -> 8 | AG14: =COUNTIF('출전기록 (26)'!AH$2:AM$7,'2026 토탈'!X14)+AA14 -> 11 | AH14: =COUNTIF($M$3:$P$41,$X14) -> 0 | AI14: =COUNTIF($Q$3:$T$41,$X14) -> 1 | AJ14: =AH14+AI14 -> 1 | AL14: K리그 | AM14: 안양 | AN14: =SUM(AO14:AQ14) -> 3 | AO14: =COUNTIFS(A:A,AL14,E:E,AM14,I:I,"승") -> 1 | AP14: =COUNTIFS(A:A,AL14,E:E,AM14,I:I,"무") -> 0 | AQ14: =COUNTIFS(A:A,AL14,E:E,AM14,I:I,"패") -> 2 | AR14: =AO14*3+AP14 -> 3 | AS14: =AO14/AN14 -> 0.33333333 | AT14: =SUMIF(E:E,AM14,G:G) -> 2 | AU14: =SUMIF(E:E,AM14,H:H) -> 3 | AV14: =AT14-AU14 -> -1 | BA14: 김대용 | BB14: =SUM(BC14:BE14) -> 2 | BC14: =COUNTIFS($V$3:$V$40,$BA14,$I$3:$I$40,BC$2) -> 0 | BD14: =COUNTIFS($V$3:$V$40,$BA14,$I$3:$I$40,BD$2) -> 2 | BE14: =COUNTIFS($V$3:$V$40,$BA14,$I$3:$I$40,BE$2) -> 0 | BF14: =BC14*3+BD14 -> 2 | BG14: =IFERROR(BC14/BB14,0) -> 0 | BI14: 12 | BJ14: 광주 | BK14: 33 | BL14: 3 | BM14: 12 | BN14: 18 | BO14: 30 | BP14: 69 | BQ14: =BO14-BP14 -> -39 | BR14: 21
A15: K리그 | B15: 5월 9일 | C15: 토 | D15: 13 | E15: 김천 | F15: 원정 | G15: 3 | H15: 0 | I15: 승 | M15: 이비자 | N15: 이동률 | O15: 페리어 | Q15: 이명주 | V15: 신용준 | X15: 정원진 | Y15: =Z15+AA15 -> 1 | Z15: =COUNTIF('출전기록 (26)'!C$2:M$39,'2026 토탈'!X15) -> 1 | AA15: =COUNTIF('출전기록 (26)'!N$2:S$39,'2026 토탈'!X15) -> 0 | AB15: =COUNTIF($M$3:$P$40,$X15) -> 0 | AC15: =COUNTIF($Q$3:$T$40,$X15) -> 0 | AD15: =AB15+AC15 -> 0 | AE15: =AF15+AG15 -> 1 | AF15: =COUNTIF('출전기록 (26)'!W$2:AG$7,'2026 토탈'!X15)+Z15 -> 1 | AG15: =COUNTIF('출전기록 (26)'!AH$2:AM$7,'2026 토탈'!X15)+AA15 -> 0 | AH15: =COUNTIF($M$3:$P$41,$X15) -> 0 | AI15: =COUNTIF($Q$3:$T$41,$X15) -> 0 | AJ15: =AH15+AI15 -> 0 | AL15: K리그 | AM15: 울산 | AN15: =SUM(AO15:AQ15) -> 3 | AO15: =COUNTIFS(A:A,AL15,E:E,AM15,I:I,"승") -> 1 | AP15: =COUNTIFS(A:A,AL15,E:E,AM15,I:I,"무") -> 0 | AQ15: =COUNTIFS(A:A,AL15,E:E,AM15,I:I,"패") -> 2 | AR15: =AO15*3+AP15 -> 3 | AS15: =AO15/AN15 -> 0.33333333 | AT15: =SUMIF(E:E,AM15,G:G) -> 4 | AU15: =SUMIF(E:E,AM15,H:H) -> 5 | AV15: =AT15-AU15 -> -1 | BA15: 총합 | BB15: =SUM(BB3:BB14) -> 33 | BC15: =SUM(BC3:BC14) -> 12 | BD15: =SUM(BD3:BD14) -> 10 | BE15: =SUM(BE3:BE14) -> 11 | BF15: =SUM(BF3:BF14) -> 46 | BG15: =IFERROR(BC15/BB15,0) -> 0.36363636 | BI15: 출처: soccer365 / K리그 공식
A16: K리그 | B16: 5월 12일 | C16: 화 | D16: 14 | E16: 포항 | F16: 홈 | G16: 0 | H16: 1 | I16: 패 | U16: 6620 | V16: 설태환 | X16: 백민규 | Y16: =Z16+AA16 -> 1 | Z16: =COUNTIF('출전기록 (26)'!C$2:M$39,'2026 토탈'!X16) -> 0 | AA16: =COUNTIF('출전기록 (26)'!N$2:S$39,'2026 토탈'!X16) -> 1 | AB16: =COUNTIF($M$3:$P$40,$X16) -> 0 | AC16: =COUNTIF($Q$3:$T$40,$X16) -> 0 | AD16: =AB16+AC16 -> 0 | AE16: =AF16+AG16 -> 1 | AF16: =COUNTIF('출전기록 (26)'!W$2:AG$7,'2026 토탈'!X16)+Z16 -> 0 | AG16: =COUNTIF('출전기록 (26)'!AH$2:AM$7,'2026 토탈'!X16)+AA16 -> 1 | AH16: =COUNTIF($M$3:$P$41,$X16) -> 0 | AI16: =COUNTIF($Q$3:$T$41,$X16) -> 0 | AJ16: =AH16+AI16 -> 0 | AL16: K리그 | AM16: 제주 | AN16: =SUM(AO16:AQ16) -> 3 | AO16: =COUNTIFS(A:A,AL16,E:E,AM16,I:I,"승") -> 2 | AP16: =COUNTIFS(A:A,AL16,E:E,AM16,I:I,"무") -> 1 | AQ16: =COUNTIFS(A:A,AL16,E:E,AM16,I:I,"패") -> 0 | AR16: =AO16*3+AP16 -> 7 | AS16: =AO16/AN16 -> 0.66666667 | AT16: =SUMIF(E:E,AM16,G:G) -> 7 | AU16: =SUMIF(E:E,AM16,H:H) -> 4 | AV16: =AT16-AU16 -> 3
A17: K리그 | B17: 5월 16일 | C17: 토 | D17: 15 | E17: 광주 | F17: 홈 | G17: 4 | H17: 0 | I17: 승 | M17: 이비자 | N17: 페리어 | O17: 제르소 | P17: 이청용 | Q17: 이주용 | R17: 이청용 | S17: 이동률 | U17: 11128 | V17: 김우성 | X17: 문지환 | Y17: =Z17+AA17 -> 1 | Z17: =COUNTIF('출전기록 (26)'!C$2:M$39,'2026 토탈'!X17) -> 0 | AA17: =COUNTIF('출전기록 (26)'!N$2:S$39,'2026 토탈'!X17) -> 1 | AB17: =COUNTIF($M$3:$P$40,$X17) -> 0 | AC17: =COUNTIF($Q$3:$T$40,$X17) -> 0 | AD17: =AB17+AC17 -> 0 | AE17: =AF17+AG17 -> 1 | AF17: =COUNTIF('출전기록 (26)'!W$2:AG$7,'2026 토탈'!X17)+Z17 -> 0 | AG17: =COUNTIF('출전기록 (26)'!AH$2:AM$7,'2026 토탈'!X17)+AA17 -> 1 | AH17: =COUNTIF($M$3:$P$41,$X17) -> 0 | AI17: =COUNTIF($Q$3:$T$41,$X17) -> 0 | AJ17: =AH17+AI17 -> 0 | AL17: K리그 | AM17: 부천 | AN17: =SUM(AO17:AQ17) -> 3 | AO17: =COUNTIFS(A:A,AL17,E:E,AM17,I:I,"승") -> 1 | AP17: =COUNTIFS(A:A,AL17,E:E,AM17,I:I,"무") -> 2 | AQ17: =COUNTIFS(A:A,AL17,E:E,AM17,I:I,"패") -> 0 | AR17: =AO17*3+AP17 -> 5 | AS17: =AO17/AN17 -> 0.33333333 | AT17: =SUMIF(E:E,AM17,G:G) -> 5 | AU17: =SUMIF(E:E,AM17,H:H) -> 4 | AV17: =AT17-AU17 -> 1
A18: K리그 | B18: 7월 5일 | C18: 일 | D18: 16 | E18: 서울 | F18: 원정 | G18: 0 | H18: 1 | I18: 패 | V18: 신용준 | X18: 김영환 | Y18: =Z18+AA18 -> 6 | Z18: =COUNTIF('출전기록 (26)'!C$2:M$39,'2026 토탈'!X18) -> 2 | AA18: =COUNTIF('출전기록 (26)'!N$2:S$39,'2026 토탈'!X18) -> 4 | AB18: =COUNTIF($M$3:$P$40,$X18) -> 0 | AC18: =COUNTIF($Q$3:$T$40,$X18) -> 1 | AD18: =AB18+AC18 -> 1 | AE18: =AF18+AG18 -> 6 | AF18: =COUNTIF('출전기록 (26)'!W$2:AG$7,'2026 토탈'!X18)+Z18 -> 2 | AG18: =COUNTIF('출전기록 (26)'!AH$2:AM$7,'2026 토탈'!X18)+AA18 -> 4 | AH18: =COUNTIF($M$3:$P$41,$X18) -> 0 | AI18: =COUNTIF($Q$3:$T$41,$X18) -> 1 | AJ18: =AH18+AI18 -> 1
A19: K리그 | B19: 7월 12일 | C19: 일 | D19: 17 | E19: 안양 | F19: 홈 | G19: 0 | H19: 1 | I19: 패 | U19: 10616 | V19: 최철준 | X19: 오준엽 | Y19: =Z19+AA19 -> 0 | Z19: =COUNTIF('출전기록 (26)'!C$2:M$39,'2026 토탈'!X19) -> 0 | AA19: =COUNTIF('출전기록 (26)'!N$2:S$39,'2026 토탈'!X19) -> 0 | AB19: =COUNTIF($M$3:$P$40,$X19) -> 0 | AC19: =COUNTIF($Q$3:$T$40,$X19) -> 0 | AD19: =AB19+AC19 -> 0 | AE19: =AF19+AG19 -> 0 | AF19: =COUNTIF('출전기록 (26)'!W$2:AG$7,'2026 토탈'!X19)+Z19 -> 0 | AG19: =COUNTIF('출전기록 (26)'!AH$2:AM$7,'2026 토탈'!X19)+AA19 -> 0 | AH19: =COUNTIF($M$3:$P$41,$X19) -> 0 | AI19: =COUNTIF($Q$3:$T$41,$X19) -> 0 | AJ19: =AH19+AI19 -> 0
A20: K리그 | B20: 7월 18일 | C20: 토 | D20: 18 | E20: 전북 | F20: 홈 | G20: 1 | H20: 0 | I20: 승 | M20: 제르소 | U20: 12984 | V20: 박병진 | X20: 박경섭 | Y20: =Z20+AA20 -> 14 | Z20: =COUNTIF('출전기록 (26)'!C$2:M$39,'2026 토탈'!X20) -> 10 | AA20: =COUNTIF('출전기록 (26)'!N$2:S$39,'2026 토탈'!X20) -> 4 | AB20: =COUNTIF($M$3:$P$40,$X20) -> 0 | AC20: =COUNTIF($Q$3:$T$40,$X20) -> 0 | AD20: =AB20+AC20 -> 0 | AE20: =AF20+AG20 -> 14 | AF20: =COUNTIF('출전기록 (26)'!W$2:AG$7,'2026 토탈'!X20)+Z20 -> 10 | AG20: =COUNTIF('출전기록 (26)'!AH$2:AM$7,'2026 토탈'!X20)+AA20 -> 4 | AH20: =COUNTIF($M$3:$P$41,$X20) -> 0 | AI20: =COUNTIF($Q$3:$T$41,$X20) -> 0 | AJ20: =AH20+AI20 -> 0
A21: K리그 | B21: 7월 21일 | C21: 화 | D21: 19 | E21: 울산 | F21: 원정 | G21: 2 | H21: 1 | I21: 승 | M21: 페리어 | N21: 무고사 | Q21: 김성민 | V21: 송민석 | X21: 김건희 | Y21: =Z21+AA21 -> 23 | Z21: =COUNTIF('출전기록 (26)'!C$2:M$39,'2026 토탈'!X21) -> 22 | AA21: =COUNTIF('출전기록 (26)'!N$2:S$39,'2026 토탈'!X21) -> 1 | AB21: =COUNTIF($M$3:$P$40,$X21) -> 2 | AC21: =COUNTIF($Q$3:$T$40,$X21) -> 0 | AD21: =AB21+AC21 -> 2 | AE21: =AF21+AG21 -> 23 | AF21: =COUNTIF('출전기록 (26)'!W$2:AG$7,'2026 토탈'!X21)+Z21 -> 22 | AG21: =COUNTIF('출전기록 (26)'!AH$2:AM$7,'2026 토탈'!X21)+AA21 -> 1 | AH21: =COUNTIF($M$3:$P$41,$X21) -> 2 | AI21: =COUNTIF($Q$3:$T$41,$X21) -> 0 | AJ21: =AH21+AI21 -> 2
A22: K리그 | B22: 7월 26일 | C22: 일 | D22: 20 | E22: 부천 | F22: 홈 | G22: 1 | H22: 1 | I22: 무 | M22: 페리어 | Q22: 정치인 | U22: 8623 | V22: 최철준 | X22: 이비자 | Y22: =Z22+AA22 -> 31 | Z22: =COUNTIF('출전기록 (26)'!C$2:M$39,'2026 토탈'!X22) -> 31 | AA22: =COUNTIF('출전기록 (26)'!N$2:S$39,'2026 토탈'!X22) -> 0 | AB22: =COUNTIF($M$3:$P$40,$X22) -> 3 | AC22: =COUNTIF($Q$3:$T$40,$X22) -> 1 | AD22: =AB22+AC22 -> 4 | AE22: =AF22+AG22 -> 31 | AF22: =COUNTIF('출전기록 (26)'!W$2:AG$7,'2026 토탈'!X22)+Z22 -> 31 | AG22: =COUNTIF('출전기록 (26)'!AH$2:AM$7,'2026 토탈'!X22)+AA22 -> 0 | AH22: =COUNTIF($M$3:$P$41,$X22) -> 3 | AI22: =COUNTIF($Q$3:$T$41,$X22) -> 1 | AJ22: =AH22+AI22 -> 4
A23: K리그 | B23: 8월 2일 | C23: 일 | D23: 21 | E23: 제주 | F23: 원정 | G23: 3 | H23: 3 | I23: 무 | M23: 김건희 | N23: 김건희 | O23: 이주용 | Q23: 이주용 | R23: 이주용 | S23: 이청용 | V23: 김대용 | X23: 김명순 | Y23: =Z23+AA23 -> 30 | Z23: =COUNTIF('출전기록 (26)'!C$2:M$39,'2026 토탈'!X23) -> 30 | AA23: =COUNTIF('출전기록 (26)'!N$2:S$39,'2026 토탈'!X23) -> 0 | AB23: =COUNTIF($M$3:$P$40,$X23) -> 0 | AC23: =COUNTIF($Q$3:$T$40,$X23) -> 2 | AD23: =AB23+AC23 -> 2 | AE23: =AF23+AG23 -> 30 | AF23: =COUNTIF('출전기록 (26)'!W$2:AG$7,'2026 토탈'!X23)+Z23 -> 30 | AG23: =COUNTIF('출전기록 (26)'!AH$2:AM$7,'2026 토탈'!X23)+AA23 -> 0 | AH23: =COUNTIF($M$3:$P$41,$X23) -> 0 | AI23: =COUNTIF($Q$3:$T$41,$X23) -> 2 | AJ23: =AH23+AI23 -> 2
A24: K리그 | B24: 9월 27일 | C24: 일 | D24: 22 | E24: 강원 | F24: 원정 | G24: 0 | H24: 0 | I24: 무 | U24: 5274 | V24: 박병진 | X24: 이주용 | Y24: =Z24+AA24 -> 32 | Z24: =COUNTIF('출전기록 (26)'!C$2:M$39,'2026 토탈'!X24) -> 29 | AA24: =COUNTIF('출전기록 (26)'!N$2:S$39,'2026 토탈'!X24) -> 3 | AB24: =COUNTIF($M$3:$P$40,$X24) -> 1 | AC24: =COUNTIF($Q$3:$T$40,$X24) -> 4 | AD24: =AB24+AC24 -> 5 | AE24: =AF24+AG24 -> 32 | AF24: =COUNTIF('출전기록 (26)'!W$2:AG$7,'2026 토탈'!X24)+Z24 -> 29 | AG24: =COUNTIF('출전기록 (26)'!AH$2:AM$7,'2026 토탈'!X24)+AA24 -> 3 | AH24: =COUNTIF($M$3:$P$41,$X24) -> 1 | AI24: =COUNTIF($Q$3:$T$41,$X24) -> 4 | AJ24: =AH24+AI24 -> 5
A25: K리그 | B25: 8월 16일 | C25: 일 | D25: 23 | E25: 김천 | F25: 홈 | G25: 1 | H25: 1 | I25: 무 | M25: 무고사 | Q25: 페리어 | U25: 8013 | V25: 송민석 | X25: 최승구 | Y25: =Z25+AA25 -> 19 | Z25: =COUNTIF('출전기록 (26)'!C$2:M$39,'2026 토탈'!X25) -> 3 | AA25: =COUNTIF('출전기록 (26)'!N$2:S$39,'2026 토탈'!X25) -> 16 | AB25: =COUNTIF($M$3:$P$40,$X25) -> 0 | AC25: =COUNTIF($Q$3:$T$40,$X25) -> 1 | AD25: =AB25+AC25 -> 1 | AE25: =AF25+AG25 -> 19 | AF25: =COUNTIF('출전기록 (26)'!W$2:AG$7,'2026 토탈'!X25)+Z25 -> 3 | AG25: =COUNTIF('출전기록 (26)'!AH$2:AM$7,'2026 토탈'!X25)+AA25 -> 16 | AH25: =COUNTIF($M$3:$P$41,$X25) -> 0 | AI25: =COUNTIF($Q$3:$T$41,$X25) -> 1 | AJ25: =AH25+AI25 -> 1
A26: K리그 | B26: 8월 23일 | C26: 일 | D26: 24 | E26: 광주 | F26: 원정 | G26: 1 | H26: 0 | I26: 승 | M26: 무고사 | V26: 김종혁 | X26: 여승원 | Y26: =Z26+AA26 -> 5 | Z26: =COUNTIF('출전기록 (26)'!C$2:M$39,'2026 토탈'!X26) -> 2 | AA26: =COUNTIF('출전기록 (26)'!N$2:S$39,'2026 토탈'!X26) -> 3 | AB26: =COUNTIF($M$3:$P$40,$X26) -> 0 | AC26: =COUNTIF($Q$3:$T$40,$X26) -> 0 | AD26: =AB26+AC26 -> 0 | AE26: =AF26+AG26 -> 5 | AF26: =COUNTIF('출전기록 (26)'!W$2:AG$7,'2026 토탈'!X26)+Z26 -> 2 | AG26: =COUNTIF('출전기록 (26)'!AH$2:AM$7,'2026 토탈'!X26)+AA26 -> 3 | AH26: =COUNTIF($M$3:$P$41,$X26) -> 0 | AI26: =COUNTIF($Q$3:$T$41,$X26) -> 0 | AJ26: =AH26+AI26 -> 0
A27: K리그 | B27: 8월 26일 | C27: 수 | D27: 25 | E27: 안양 | F27: 원정 | G27: 1 | H27: 2 | I27: 패 | M27: 이동률 | Q27: 김영환 | V27: 이동준 | X27: 이상기 | Y27: =Z27+AA27 -> 3 | Z27: =COUNTIF('출전기록 (26)'!C$2:M$39,'2026 토탈'!X27) -> 2 | AA27: =COUNTIF('출전기록 (26)'!N$2:S$39,'2026 토탈'!X27) -> 1 | AB27: =COUNTIF($M$3:$P$40,$X27) -> 0 | AC27: =COUNTIF($Q$3:$T$40,$X27) -> 0 | AD27: =AB27+AC27 -> 0 | AE27: =AF27+AG27 -> 3 | AF27: =COUNTIF('출전기록 (26)'!W$2:AG$7,'2026 토탈'!X27)+Z27 -> 2 | AG27: =COUNTIF('출전기록 (26)'!AH$2:AM$7,'2026 토탈'!X27)+AA27 -> 1 | AH27: =COUNTIF($M$3:$P$41,$X27) -> 0 | AI27: =COUNTIF($Q$3:$T$41,$X27) -> 0 | AJ27: =AH27+AI27 -> 0
A28: K리그 | B28: 8월 30일 | C28: 일 | D28: 26 | E28: 전북 | F28: 홈 | G28: 1 | H28: 1 | I28: 무 | M28: 제르소 | U28: 11056 | V28: 김대용 | X28: 고정민 | Y28: =Z28+AA28 -> 0 | Z28: =COUNTIF('출전기록 (26)'!C$2:M$39,'2026 토탈'!X28) -> 0 | AA28: =COUNTIF('출전기록 (26)'!N$2:S$39,'2026 토탈'!X28) -> 0 | AB28: =COUNTIF($M$3:$P$40,$X28) -> 0 | AC28: =COUNTIF($Q$3:$T$40,$X28) -> 0 | AD28: =AB28+AC28 -> 0 | AE28: =AF28+AG28 -> 0 | AF28: =COUNTIF('출전기록 (26)'!W$2:AG$7,'2026 토탈'!X28)+Z28 -> 0 | AG28: =COUNTIF('출전기록 (26)'!AH$2:AM$7,'2026 토탈'!X28)+AA28 -> 0 | AH28: =COUNTIF($M$3:$P$41,$X28) -> 0 | AI28: =COUNTIF($Q$3:$T$41,$X28) -> 0 | AJ28: =AH28+AI28 -> 0
A29: K리그 | B29: 9월 5일 | C29: 토 | D29: 27 | E29: 서울 | F29: 원정 | G29: 0 | H29: 1 | I29: 패 | V29: 고형진 | X29: 이준섭 | Y29: =Z29+AA29 -> 0 | Z29: =COUNTIF('출전기록 (26)'!C$2:M$39,'2026 토탈'!X29) -> 0 | AA29: =COUNTIF('출전기록 (26)'!N$2:S$39,'2026 토탈'!X29) -> 0 | AB29: =COUNTIF($M$3:$P$40,$X29) -> 0 | AC29: =COUNTIF($Q$3:$T$40,$X29) -> 0 | AD29: =AB29+AC29 -> 0 | AE29: =AF29+AG29 -> 0 | AF29: =COUNTIF('출전기록 (26)'!W$2:AG$7,'2026 토탈'!X29)+Z29 -> 0 | AG29: =COUNTIF('출전기록 (26)'!AH$2:AM$7,'2026 토탈'!X29)+AA29 -> 0 | AH29: =COUNTIF($M$3:$P$41,$X29) -> 0 | AI29: =COUNTIF($Q$3:$T$41,$X29) -> 0 | AJ29: =AH29+AI29 -> 0
A30: K리그 | B30: 9월 8일 | C30: 화 | D30: 28 | E30: 부천 | F30: 홈 | G30: 2 | H30: 1 | I30: 승 | M30: 무고사 | N30: 이비자 | Q30: 레안드로 | R30: 이명주 | U30: 5794 | V30: 김우성 | X30: 정태욱 | Y30: =Z30+AA30 -> 0 | Z30: =COUNTIF('출전기록 (26)'!C$2:M$39,'2026 토탈'!X30) -> 0 | AA30: =COUNTIF('출전기록 (26)'!N$2:S$39,'2026 토탈'!X30) -> 0 | AB30: =COUNTIF($M$3:$P$40,$X30) -> 0 | AC30: =COUNTIF($Q$3:$T$40,$X30) -> 0 | AD30: =AB30+AC30 -> 0 | AE30: =AF30+AG30 -> 0 | AF30: =COUNTIF('출전기록 (26)'!W$2:AG$7,'2026 토탈'!X30)+Z30 -> 0 | AG30: =COUNTIF('출전기록 (26)'!AH$2:AM$7,'2026 토탈'!X30)+AA30 -> 0 | AH30: =COUNTIF($M$3:$P$41,$X30) -> 0 | AI30: =COUNTIF($Q$3:$T$41,$X30) -> 0 | AJ30: =AH30+AI30 -> 0
A31: K리그 | B31: 9월 12일 | C31: 토 | D31: 29 | E31: 울산 | F31: 원정 | G31: 1 | H31: 2 | I31: 패 | M31: 무고사 | V31: 김종혁 | X31: 강영훈 | Y31: =Z31+AA31 -> 0 | Z31: =COUNTIF('출전기록 (26)'!C$2:M$39,'2026 토탈'!X31) -> 0 | AA31: =COUNTIF('출전기록 (26)'!N$2:S$39,'2026 토탈'!X31) -> 0 | AB31: =COUNTIF($M$3:$P$40,$X31) -> 0 | AC31: =COUNTIF($Q$3:$T$40,$X31) -> 0 | AD31: =AB31+AC31 -> 0 | AE31: =AF31+AG31 -> 0 | AF31: =COUNTIF('출전기록 (26)'!W$2:AG$7,'2026 토탈'!X31)+Z31 -> 0 | AG31: =COUNTIF('출전기록 (26)'!AH$2:AM$7,'2026 토탈'!X31)+AA31 -> 0 | AH31: =COUNTIF($M$3:$P$41,$X31) -> 0 | AI31: =COUNTIF($Q$3:$T$41,$X31) -> 0 | AJ31: =AH31+AI31 -> 0
A32: K리그 | B32: 9월 20일 | C32: 일 | D32: 30 | E32: 대전 | F32: 홈 | G32: 1 | H32: 1 | I32: 무 | M32: 페리어 | U32: 9312 | V32: 최현재 | X32: 김연수 | Y32: =Z32+AA32 -> 3 | Z32: =COUNTIF('출전기록 (26)'!C$2:M$39,'2026 토탈'!X32) -> 3 | AA32: =COUNTIF('출전기록 (26)'!N$2:S$39,'2026 토탈'!X32) -> 0 | AB32: =COUNTIF($M$3:$P$40,$X32) -> 0 | AC32: =COUNTIF($Q$3:$T$40,$X32) -> 0 | AD32: =AB32+AC32 -> 0 | AE32: =AF32+AG32 -> 3 | AF32: =COUNTIF('출전기록 (26)'!W$2:AG$7,'2026 토탈'!X32)+Z32 -> 3 | AG32: =COUNTIF('출전기록 (26)'!AH$2:AM$7,'2026 토탈'!X32)+AA32 -> 0 | AH32: =COUNTIF($M$3:$P$41,$X32) -> 0 | AI32: =COUNTIF($Q$3:$T$41,$X32) -> 0 | AJ32: =AH32+AI32 -> 0
A33: K리그 | B33: 10월 9일 | C33: 금 | D33: 31 | E33: 포항 | F33: 홈 | G33: 3 | H33: 0 | I33: 승 | M33: 이민혁 | N33: 이청용 | O33: 무고사 | Q33: 이민혁 | R33: 이비자 | U33: 12189 | V33: 고형진 | X33: 김동헌 | Y33: =Z33+AA33 -> 29 | Z33: =COUNTIF('출전기록 (26)'!C$2:M$39,'2026 토탈'!X33) -> 28 | AA33: =COUNTIF('출전기록 (26)'!N$2:S$39,'2026 토탈'!X33) -> 1 | AB33: =COUNTIF($M$3:$P$40,$X33) -> 0 | AC33: =COUNTIF($Q$3:$T$40,$X33) -> 0 | AD33: =AB33+AC33 -> 0 | AE33: =AF33+AG33 -> 29 | AF33: =COUNTIF('출전기록 (26)'!W$2:AG$7,'2026 토탈'!X33)+Z33 -> 28 | AG33: =COUNTIF('출전기록 (26)'!AH$2:AM$7,'2026 토탈'!X33)+AA33 -> 1 | AH33: =COUNTIF($M$3:$P$41,$X33) -> 0 | AI33: =COUNTIF($Q$3:$T$41,$X33) -> 0 | AJ33: =AH33+AI33 -> 0
A34: K리그 | B34: 10월 18일 | C34: 일 | D34: 32 | E34: 강원 | F34: 원정 | G34: 1 | H34: 1 | I34: 무 | M34: 무고사 | U34: 5558 | V34: 설태환 | X34: 이태희 | Y34: =Z34+AA34 -> 5 | Z34: =COUNTIF('출전기록 (26)'!C$2:M$39,'2026 토탈'!X34) -> 5 | AA34: =COUNTIF('출전기록 (26)'!N$2:S$39,'2026 토탈'!X34) -> 0 | AB34: =COUNTIF($M$3:$P$40,$X34) -> 0 | AC34: =COUNTIF($Q$3:$T$40,$X34) -> 0 | AD34: =AB34+AC34 -> 0 | AE34: =AF34+AG34 -> 5 | AF34: =COUNTIF('출전기록 (26)'!W$2:AG$7,'2026 토탈'!X34)+Z34 -> 5 | AG34: =COUNTIF('출전기록 (26)'!AH$2:AM$7,'2026 토탈'!X34)+AA34 -> 0 | AH34: =COUNTIF($M$3:$P$41,$X34) -> 0 | AI34: =COUNTIF($Q$3:$T$41,$X34) -> 0 | AJ34: =AH34+AI34 -> 0
A35: K리그 | B35: 10월 24일 | C35: 토 | D35: 33 | E35: 제주 | F35: 홈 | G35: 3 | H35: 1 | I35: 승 | M35: 이명주 | N35: 이동률 | O35: 이청용 | Q35: 무고사 | R35: 페리어 | U35: 11541 | V35: 신용준 | X35: 이상현 | Y35: =Z35+AA35 -> 0 | Z35: =COUNTIF('출전기록 (26)'!C$2:M$39,'2026 토탈'!X35) -> 0 | AA35: =COUNTIF('출전기록 (26)'!N$2:S$39,'2026 토탈'!X35) -> 0 | AB35: =COUNTIF($M$3:$P$40,$X35) -> 0 | AC35: =COUNTIF($Q$3:$T$40,$X35) -> 0 | AD35: =AB35+AC35 -> 0 | AE35: =AF35+AG35 -> 0 | AF35: =COUNTIF('출전기록 (26)'!W$2:AG$7,'2026 토탈'!X35)+Z35 -> 0 | AG35: =COUNTIF('출전기록 (26)'!AH$2:AM$7,'2026 토탈'!X35)+AA35 -> 0 | AH35: =COUNTIF($M$3:$P$41,$X35) -> 0 | AI35: =COUNTIF($Q$3:$T$41,$X35) -> 0 | AJ35: =AH35+AI35 -> 0
A36: K리그 | D36: 34 | X36: 왕민준 | Y36: =Z36+AA36 -> 0 | Z36: =COUNTIF('출전기록 (26)'!C$2:M$39,'2026 토탈'!X36) -> 0 | AA36: =COUNTIF('출전기록 (26)'!N$2:S$39,'2026 토탈'!X36) -> 0 | AB36: =COUNTIF($M$3:$P$40,$X36) -> 0 | AC36: =COUNTIF($Q$3:$T$40,$X36) -> 0 | AD36: =AB36+AC36 -> 0 | AE36: =AF36+AG36 -> 0 | AF36: =COUNTIF('출전기록 (26)'!W$2:AG$7,'2026 토탈'!X36)+Z36 -> 0 | AG36: =COUNTIF('출전기록 (26)'!AH$2:AM$7,'2026 토탈'!X36)+AA36 -> 0 | AH36: =COUNTIF($M$3:$P$41,$X36) -> 0 | AI36: =COUNTIF($Q$3:$T$41,$X36) -> 0 | AJ36: =AH36+AI36 -> 0
A37: K리그 | D37: 35 | X37: 홍시후 | Y37: =Z37+AA37 -> 0 | Z37: =COUNTIF('출전기록 (26)'!C$2:M$39,'2026 토탈'!X37) -> 0 | AA37: =COUNTIF('출전기록 (26)'!N$2:S$39,'2026 토탈'!X37) -> 0 | AB37: =COUNTIF($M$3:$P$40,$X37) -> 0 | AC37: =COUNTIF($Q$3:$T$40,$X37) -> 0 | AD37: =AB37+AC37 -> 0 | AE37: =AF37+AG37 -> 0 | AF37: =COUNTIF('출전기록 (26)'!W$2:AG$7,'2026 토탈'!X37)+Z37 -> 0 | AG37: =COUNTIF('출전기록 (26)'!AH$2:AM$7,'2026 토탈'!X37)+AA37 -> 0 | AH37: =COUNTIF($M$3:$P$41,$X37) -> 0 | AI37: =COUNTIF($Q$3:$T$41,$X37) -> 0 | AJ37: =AH37+AI37 -> 0
A38: K리그 | D38: 36 | X38: 민경현 | Y38: =Z38+AA38 -> 0 | Z38: =COUNTIF('출전기록 (26)'!C$2:M$39,'2026 토탈'!X38) -> 0 | AA38: =COUNTIF('출전기록 (26)'!N$2:S$39,'2026 토탈'!X38) -> 0 | AB38: =COUNTIF($M$3:$P$40,$X38) -> 0 | AC38: =COUNTIF($Q$3:$T$40,$X38) -> 0 | AD38: =AB38+AC38 -> 0 | AE38: =AF38+AG38 -> 0 | AF38: =COUNTIF('출전기록 (26)'!W$2:AG$7,'2026 토탈'!X38)+Z38 -> 0 | AG38: =COUNTIF('출전기록 (26)'!AH$2:AM$7,'2026 토탈'!X38)+AA38 -> 0 | AH38: =COUNTIF($M$3:$P$41,$X38) -> 0 | AI38: =COUNTIF($Q$3:$T$41,$X38) -> 0 | AJ38: =AH38+AI38 -> 0
A39: K리그 | D39: 37 | X39: 성힘찬 | Y39: =Z39+AA39 -> 0 | Z39: =COUNTIF('출전기록 (26)'!C$2:M$39,'2026 토탈'!X39) -> 0 | AA39: =COUNTIF('출전기록 (26)'!N$2:S$39,'2026 토탈'!X39) -> 0 | AB39: =COUNTIF($M$3:$P$40,$X39) -> 0 | AC39: =COUNTIF($Q$3:$T$40,$X39) -> 0 | AD39: =AB39+AC39 -> 0 | AE39: =AF39+AG39 -> 0 | AF39: =COUNTIF('출전기록 (26)'!W$2:AG$7,'2026 토탈'!X39)+Z39 -> 0 | AG39: =COUNTIF('출전기록 (26)'!AH$2:AM$7,'2026 토탈'!X39)+AA39 -> 0 | AH39: =COUNTIF($M$3:$P$41,$X39) -> 0 | AI39: =COUNTIF($Q$3:$T$41,$X39) -> 0 | AJ39: =AH39+AI39 -> 0
A40: K리그 | D40: 38 | X40: 박호민 | Y40: =Z40+AA40 -> 6 | Z40: =COUNTIF('출전기록 (26)'!C$2:M$39,'2026 토탈'!X40) -> 1 | AA40: =COUNTIF('출전기록 (26)'!N$2:S$39,'2026 토탈'!X40) -> 5 | AB40: =COUNTIF($M$3:$P$40,$X40) -> 0 | AC40: =COUNTIF($Q$3:$T$40,$X40) -> 0 | AD40: =AB40+AC40 -> 0 | AE40: =AF40+AG40 -> 6 | AF40: =COUNTIF('출전기록 (26)'!W$2:AG$7,'2026 토탈'!X40)+Z40 -> 1 | AG40: =COUNTIF('출전기록 (26)'!AH$2:AM$7,'2026 토탈'!X40)+AA40 -> 5 | AH40: =COUNTIF($M$3:$P$41,$X40) -> 0 | AI40: =COUNTIF($Q$3:$T$41,$X40) -> 0 | AJ40: =AH40+AI40 -> 0
A41: FA컵 | B41: 7월29일 | C41: 수 | D41: 3R | E41: 김포 | F41: 홈 | G41: 0 | H41: 1 | I41: 패 | U41: 3873 | V41: 박진호 | X41: 레안드로 | Y41: =Z41+AA41 -> 10 | Z41: =COUNTIF('출전기록 (26)'!C$2:M$39,'2026 토탈'!X41) -> 8 | AA41: =COUNTIF('출전기록 (26)'!N$2:S$39,'2026 토탈'!X41) -> 2 | AB41: =COUNTIF($M$3:$P$40,$X41) -> 0 | AC41: =COUNTIF($Q$3:$T$40,$X41) -> 1 | AD41: =AB41+AC41 -> 1 | AE41: =AF41+AG41 -> 10 | AF41: =COUNTIF('출전기록 (26)'!W$2:AG$7,'2026 토탈'!X41)+Z41 -> 8 | AG41: =COUNTIF('출전기록 (26)'!AH$2:AM$7,'2026 토탈'!X41)+AA41 -> 2 | AH41: =COUNTIF($M$3:$P$41,$X41) -> 0 | AI41: =COUNTIF($Q$3:$T$41,$X41) -> 1 | AJ41: =AH41+AI41 -> 1
N42: 2026시즌 | Q42: 2025시즌 | X42: 이민혁 | Y42: =Z42+AA42 -> 10 | Z42: =COUNTIF('출전기록 (26)'!C$2:M$39,'2026 토탈'!X42) -> 5 | AA42: =COUNTIF('출전기록 (26)'!N$2:S$39,'2026 토탈'!X42) -> 5 | AB42: =COUNTIF($M$3:$P$40,$X42) -> 1 | AC42: =COUNTIF($Q$3:$T$40,$X42) -> 1 | AD42: =AB42+AC42 -> 2 | AE42: =AF42+AG42 -> 10 | AF42: =COUNTIF('출전기록 (26)'!W$2:AG$7,'2026 토탈'!X42)+Z42 -> 5 | AG42: =COUNTIF('출전기록 (26)'!AH$2:AM$7,'2026 토탈'!X42)+AA42 -> 5 | AH42: =COUNTIF($M$3:$P$41,$X42) -> 1 | AI42: =COUNTIF($Q$3:$T$41,$X42) -> 1 | AJ42: =AH42+AI42 -> 2
M43: 대회 | N43: 경기수 | O43: 총관중수 | P43: 평균관중 | Q43: 경기수 | R43: 총관중수 | S43: 평균관중 | T43: 전년비 | X43: 쇼타 | Y43: =Z43+AA43 -> 0 | Z43: =COUNTIF('출전기록 (26)'!C$2:M$39,'2026 토탈'!X43) -> 0 | AA43: =COUNTIF('출전기록 (26)'!N$2:S$39,'2026 토탈'!X43) -> 0 | AB43: =COUNTIF($M$3:$P$40,$X43) -> 0 | AC43: =COUNTIF($Q$3:$T$40,$X43) -> 0 | AD43: =AB43+AC43 -> 0 | AE43: =AF43+AG43 -> 0 | AF43: =COUNTIF('출전기록 (26)'!W$2:AG$7,'2026 토탈'!X43)+Z43 -> 0 | AG43: =COUNTIF('출전기록 (26)'!AH$2:AM$7,'2026 토탈'!X43)+AA43 -> 0 | AH43: =COUNTIF($M$3:$P$41,$X43) -> 0 | AI43: =COUNTIF($Q$3:$T$41,$X43) -> 0 | AJ43: =AH43+AI43 -> 0
M44: K리그 | N44: =COUNT(U3:U40) -> 19 | O44: =SUMIFS(U3:U41,A3:A41,M44) -> 182548 | P44: =O44/N44 -> 9607.7895 | Q44: 19 | R44: 193302 | S44: 10173.789 | T44: =(P44-S44)/S44 -> -0.055633154
M45: FA컵 | N45: =COUNT(U41:U41) -> 1 | O45: =SUMIFS(U3:U41,A3:A41,M45) -> 3873 | P45: =O45/N45 -> 3873 | Q45: 2 | R45: 2303 | S45: 1151.5 | T45: =(P45-S45)/S45 -> 2.363439

Sheet 출전기록 (26)
A1: 리그 | B1: 상대팀 | C1: 선발 | D1: 선발 | E1: 선발 | F1: 선발 | G1: 선발 | H1: 선발 | I1: 선발 | J1: 선발 | K1: 선발 | L1: 선발 | M1: 선발 | N1: 교체 | O1: 교체 | P1: 교체 | Q1: 교체 | R1: 교체 | S1: 교체+ | V1: FA컵 | W1: 선발 | X1: 선발 | Y1: 선발 | Z1: 선발 | AA1: 선발 | AB1: 선발 | AC1: 선발 | AD1: 선발 | AE1: 선발 | AF1: 선발 | AG1: 선발 | AH1: 교체 | AI1: 교체 | AJ1: 교체 | AK1: 교체 | AL1: 교체 | AM1: 교체
A2: 1 | B2: 서울 | C2: 김동헌 | D2: 김건희 | E2: 이비자 | F2: 김명순 | G2: 이주용 | H2: 서재민 | I2: 이케르 | J2: 제르소 | K2: 오후성 | L2: 박승호 | M2: 무고사 | N2: 이청용 | O2: 여승원 | P2: 정치인 | Q2: 이명주 | R2: 박호민
A3: 2 | B3: 광주 | C3: 김동헌 | D3: 김건희 | E3: 이비자 | F3: 김명순 | G3: 이주용 | H3: 서재민 | I3: 이명주 | J3: 제르소 | K3: 정치인 | L3: 오후성 | M3: 무고사 | N3: 이동률 | O3: 이청용 | P3: 이케르 | Q3: 박경섭 | R3: 여승원
A4: 3 | B4: 포항 | C4: 김동헌 | D4: 김건희 | E4: 이비자 | F4: 김명순 | G4: 이주용 | H4: 서재민 | I4: 이명주 | J4: 제르소 | K4: 정치인 | L4: 오후성 | M4: 무고사 | N4: 이동률 | O4: 이청용 | V4: 16강
A5: 4 | B5: 대전 | C5: 김동헌 | D5: 김건희 | E5: 이비자 | F5: 김명순 | G5: 이주용 | H5: 서재민 | I5: 이케르 | J5: 제르소 | K5: 정치인 | L5: 오후성 | M5: 무고사 | N5: 이동률 | O5: 이청용 | P5: 이명주 | Q5: 최승구 | R5: 페리어 | V5: 8강
A6: 5 | B6: 안양 | C6: 김동헌 | D6: 박경섭 | E6: 이비자 | F6: 김명순 | G6: 이주용 | H6: 서재민 | I6: 이명주 | J6: 이동률 | K6: 오후성 | L6: 박승호 | M6: 무고사 | N6: 제르소 | O6: 이청용 | P6: 최승구 | Q6: 페리어 | V6: 4강
A7: 6 | B7: 김천 | C7: 김동헌 | D7: 박경섭 | E7: 이비자 | F7: 김명순 | G7: 이주용 | H7: 서재민 | I7: 이명주 | J7: 이동률 | K7: 오후성 | L7: 박승호 | M7: 무고사 | N7: 제르소 | O7: 이청용 | P7: 정치인 | Q7: 페리어 | R7: 이케르 | V7: 결승
A8: 7 | B8: 울산 | C8: 김동헌 | D8: 박경섭 | E8: 이비자 | F8: 김명순 | G8: 이주용 | H8: 서재민 | I8: 이명주 | J8: 이동률 | K8: 오후성 | L8: 박승호 | M8: 무고사 | N8: 여승원 | O8: 제르소 | P8: 이청용 | Q8: 페리어
A9: 8 | B9: 부천 | C9: 이태희 | D9: 박경섭 | E9: 이비자 | F9: 김명순 | G9: 여승원 | H9: 서재민 | I9: 이명주 | J9: 제르소 | K9: 이청용 | L9: 페리어 | M9: 무고사 | N9: 이주용 | O9: 오후성 | P9: 정치인 | Q9: 이동률 | R9: 박호민
A10: 9 | B10: 전북 | C10: 이태희 | D10: 박경섭 | E10: 이비자 | F10: 최승구 | G10: 여승원 | H10: 서재민 | I10: 이명주 | J10: 이동률 | K10: 정치인 | L10: 페리어 | M10: 이청용 | N10: 이주용 | O10: 이케르 | P10: 제르소 | Q10: 무고사 | R10: 박호민
A11: 10 | B11: 제주 | C11: 이태희 | D11: 박경섭 | E11: 이비자 | F11: 김명순 | G11: 이주용 | H11: 서재민 | I11: 이명주 | J11: 이동률 | K11: 제르소 | L11: 이청용 | M11: 무고사 | N11: 김건희 | O11: 최승구 | P11: 이케르 | Q11: 김성민 | R11: 페리어
A12: 11 | B12: 강원 | C12: 이태희 | D12: 박경섭 | E12: 이비자 | F12: 김명순 | G12: 이주용 | H12: 서재민 | I12: 이명주 | J12: 이동률 | K12: 이청용 | L12: 페리어 | M12: 무고사 | N12: 제르소 | O12: 정치인 | P12: 이상기 | Q12: 최승구 | R12: 박호민
A13: 12 | B13: 대전 | C13: 이태희 | D13: 박경섭 | E13: 이비자 | F13: 김명순 | G13: 이상기 | H13: 서재민 | I13: 이명주 | J13: 정치인 | K13: 제르소 | L13: 박승호 | M13: 무고사 | N13: 페리어 | O13: 이동률 | P13: 이청용 | Q13: 최승구 | R13: 김동헌
A14: 13 | B14: 김천 | C14: 김동헌 | D14: 김건희 | E14: 이비자 | F14: 김명순 | G14: 이상기 | H14: 서재민 | I14: 이명주 | J14: 이동률 | K14: 이청용 | L14: 페리어 | M14: 제르소 | N14: 이주용 | O14: 박경섭 | P14: 김성민 | Q14: 정치인 | R14: 박승호
A15: 14 | B15: 포항 | C15: 김동헌 | D15: 김건희 | E15: 박경섭 | F15: 최승구 | G15: 이주용 | H15: 서재민 | I15: 정원진 | J15: 김성민 | K15: 정치인 | L15: 박승호 | M15: 박호민 | N15: 제르소 | O15: 페리어 | P15: 이동률 | Q15: 이명주 | R15: 이청용
A16: 15 | B16: 광주 | C16: 김동헌 | D16: 김건희 | E16: 이비자 | F16: 김명순 | G16: 이주용 | H16: 서재민 | I16: 이명주 | J16: 이동률 | K16: 제르소 | L16: 이청용 | M16: 페리어 | N16: 최승구 | O16: 백민규 | P16: 김성민 | Q16: 박호민 | R16: 박승호
A17: 16 | B17: 서울 | C17: 김동헌 | D17: 김건희 | E17: 이비자 | F17: 김명순 | G17: 이주용 | H17: 서재민 | I17: 이명주 | J17: 이동률 | K17: 제르소 | L17: 이청용 | M17: 페리어 | N17: 최승구 | O17: 무고사 | P17: 김성민 | Q17: 이케르 | R17: 박승호
A18: 17 | B18: 안양 | C18: 김동헌 | D18: 김건희 | E18: 이비자 | F18: 김명순 | G18: 이주용 | H18: 서재민 | I18: 김영환 | J18: 이동률 | K18: 제르소 | L18: 이청용 | M18: 페리어 | N18: 최승구 | O18: 무고사 | P18: 이케르 | Q18: 정치인
A19: 18 | B19: 전북 | C19: 김동헌 | D19: 김건희 | E19: 이비자 | F19: 김명순 | G19: 이주용 | H19: 서재민 | I19: 이명주 | J19: 이동률 | K19: 제르소 | L19: 이청용 | M19: 페리어 | N19: 최승구 | O19: 무고사 | P19: 정치인 | Q19: 이케르 | R19: 박승호
A20: 19 | B20: 울산 | C20: 김동헌 | D20: 김건희 | E20: 이비자 | F20: 김명순 | G20: 이주용 | H20: 서재민 | I20: 이명주 | J20: 김성민 | K20: 제르소 | L20: 이청용 | M20: 페리어 | N20: 최승구 | O20: 무고사 | P20: 이동률 | Q20: 김영환 | R20: 정치인
A21: 20 | B21: 부천 | C21: 김동헌 | D21: 김건희 | E21: 이비자 | F21: 김명순 | G21: 이주용 | H21: 서재민 | I21: 이명주 | J21: 김성민 | K21: 제르소 | L21: 이청용 | M21: 페리어 | N21: 최승구 | O21: 무고사 | P21: 이동률 | Q21: 정치인 | R21: 박경섭
A22: 21 | B22: 제주 | C22: 김동헌 | D22: 이비자 | E22: 김건희 | F22: 이주용 | G22: 김명순 | H22: 이명주 | I22: 제르소 | J22: 서재민 | K22: 김성민 | L22: 무고사 | M22: 이청용 | N22: 페리어 | O22: 이동률 | P22: 김영환 | Q22: 최승구 | R22: 문지환
A23: 22 | B23: 강원 | C23: 김동헌 | D23: 이비자 | E23: 김연수 | F23: 이주용 | G23: 김명순 | H23: 이명주 | I23: 김성민 | J23: 레안드로 | K23: 이청용 | L23: 무고사 | M23: 이민혁 | N23: 오후성 | O23: 제르소 | P23: 박승호
A24: 23 | B24: 김천 | C24: 김동헌 | D24: 이비자 | E24: 김건희 | F24: 이주용 | G24: 김명순 | H24: 이명주 | I24: 이동률 | J24: 제르소 | K24: 서재민 | L24: 이청용 | M24: 페리어 | N24: 무고사 | O24: 최승구 | P24: 김영환 | Q24: 정치인 | R24: 김성민
A25: 24 | B25: 광주 | C25: 김동헌 | D25: 이비자 | E25: 김건희 | F25: 이주용 | G25: 김명순 | H25: 이명주 | I25: 제르소 | J25: 서재민 | K25: 김성민 | L25: 이청용 | M25: 페리어 | N25: 최승구 | O25: 무고사 | P25: 레안드로 | Q25: 이동률 | R25: 이민혁
A26: 25 | B26: 안양 | C26: 김동헌 | D26: 이비자 | E26: 김건희 | F26: 최승구 | G26: 이주용 | H26: 이동률 | I26: 제르소 | J26: 서재민 | K26: 이민혁 | L26: 김영환 | M26: 페리어 | N26: 이청용 | O26: 무고사 | P26: 레안드로 | Q26: 이명주 | R26: 김성민
A27: 26 | B27: 전북 | C27: 김동헌 | D27: 김건희 | E27: 박경섭 | F27: 이주용 | G27: 김명순 | H27: 이명주 | I27: 이동률 | J27: 서재민 | K27: 레안드로 | L27: 무고사 | M27: 이청용 | N27: 김성민 | O27: 제르소 | P27: 페리어 | Q27: 이민혁
A28: 27 | B28: 서울 | C28: 김동헌 | D28: 이비자 | E28: 김건희 | F28: 이주용 | G28: 김명순 | H28: 이동률 | I28: 서재민 | J28: 정치인 | K28: 이민혁 | L28: 무고사 | M28: 이청용 | N28: 박경섭 | O28: 제르소 | P28: 김성민 | Q28: 페리어 | R28: 김영환
A29: 28 | B29: 부천 | C29: 김동헌 | D29: 이비자 | E29: 김연수 | F29: 이주용 | G29: 김명순 | H29: 이명주 | I29: 이동률 | J29: 서재민 | K29: 레안드로 | L29: 무고사 | M29: 페리어 | N29: 제르소 | O29: 이청용 | P29: 이민혁 | Q29: 김성민 | R29: 최승구
A30: 29 | B30: 울산 | C30: 김동헌 | D30: 이비자 | E30: 김연수 | F30: 이주용 | G30: 김명순 | H30: 이명주 | I30: 제르소 | J30: 서재민 | K30: 레안드로 | L30: 무고사 | M30: 이청용 | N30: 이동률 | O30: 김성민 | P30: 정치인 | Q30: 페리어
A31: 30 | B31: 대전 | C31: 김동헌 | D31: 이비자 | E31: 김건희 | F31: 이주용 | G31: 김명순 | H31: 이명주 | I31: 서재민 | J31: 레안드로 | K31: 이청용 | L31: 무고사 | M31: 페리어 | N31: 제르소 | O31: 최승구 | P31: 정치인 | Q31: 이민혁
A32: 31 | B32: 포항 | C32: 김동헌 | D32: 이비자 | E32: 김건희 | F32: 이주용 | G32: 김명순 | H32: 이명주 | I32: 김성민 | J32: 이민혁 | K32: 레안드로 | L32: 무고사 | M32: 이청용 | N32: 이동률 | O32: 제르소 | P32: 페리어 | Q32: 박승호 | R32: 서재민
A33: 32 | B33: 강원 | C33: 김동헌 | D33: 이주용 | E33: 이비자 | F33: 김건희 | G33: 김명순 | H33: 레안드로 | I33: 이민혁 | J33: 이명주 | K33: 이청용 | L33: 무고사 | M33: 페리어 | N33: 제르소 | O33: 김성민 | P33: 서재민 | Q33: 박승호
A34: 33 | B34: 제주 | C34: 김동헌 | D34: 이주용 | E34: 이비자 | F34: 김건희 | G34: 김명순 | H34: 레안드로 | I34: 이명주 | J34: 서재민 | K34: 김성민 | L34: 무고사 | M34: 이청용 | N34: 이동률 | O34: 페리어 | P34: 박승호 | Q34: 이민혁 | R34: 제르소
A35: 34
A36: 35
A37: 36
A38: 37
A39: 38
A41: 서재민 베스트러너 순위
A42: 라운드 | B42: 상대팀 | C42: 순위 | D42: 거리(m) | E42: 결과
A43: 1 | B43: 서울 | C43: 1 | D43: 12288 | E43: 패
A44: 2 | B44: 광주 | C44: 1 | D44: 13443 | E44: 패
A45: 3 | B45: 포항 | C45: 1 | D45: 12841 | E45: 무
A46: 4 | B46: 대전 | C46: 1 | D46: 13297 | E46: 패
A47: 5 | B47: 안양 | C47: 4 | D47: 12124 | E47: 승
A48: 6 | B48: 김천 | C48: 4 | D48: 12034 | E48: 승
A49: 7 | B49: 울산 | C49: 1 | D49: 13411 | E49: 패
A50: 8 | B50: 부천 | C50: 1 | D50: 12077 | E50: 무
A51: 9 | B51: 전북 | C51: 2 | D51: 12721 | E51: 승
A52: 10 | B52: 제주 | C52: 6 | D52: 11755 | E52: 승
A53: 11 | B53: 강원 | C53: 6 | D53: 11846 | E53: 패
A54: 12 | B54: 대전 | C54: 1 | D54: 12124 | E54: 무
... A57: 15 | B57: 광주 | C57: 6 | D57: 11820 | E57: 승
A58: 16 | B58: 서울
A59: 17 | B59: 안양
A60: 18 | B60: 전북
A61: 19 | B61: 울산
A62: 20 | B62: 부천
A63: 21 | B63: 제주
A64: 22 | B64: 강원
A65: 23 | B65: 김천
A66: 24 | B66: 광주
A67: 25 | B67: 안양
A68: 26 | B68: 전북
A69: 27 | B69: 서울
... A75: 33 | B75: 제주
A77: 구분 | B77: 경기수 | C77: 결과 | D77: 승률
A78: 활동량 1위 | B78: =COUNTIF(기록표[순위],1) -> 7 | C78: =_xlfn.TEXTJOIN(" ",TRUE, IF(COUNTIFS(기록표[순위],1,기록표[결과],"승")=0,"",COUNTIFS(기록표[순위],1,기록표[결과],"승")&"승"), IF(COUNTIFS(기록표[순위],1,기록표[결과],"무")=0,"",COUNTIFS(기록표[순위],1,기록표[결과],"무")&"무"), IF(COUNTIFS(기록표[순위],1,기록표[결과],"패")=0,"",COUNTIFS(기록표[순위],1,기록표[결과],"패")&"패")) -> 3무 4패 | D78: =IFERROR(COUNTIFS(기록표[순위],1,기록표[결과],"승")/COUNTIF(기록표[순위],1),0) -> 0 | E78: =IFERROR(AVERAGEIF(기록표[순위],1,기록표[거리(m)]),0) -> 12783
A79: 활동량 1위 아님 | B79: =COUNTIF(기록표[순위],"<>1") -> 8 | C79: =_xlfn.TEXTJOIN(" ",TRUE, IF(COUNTIFS(기록표[순위],"<>1",기록표[결과],"승")=0,"",COUNTIFS(기록표[순위],"<>1",기록표[결과],"승")&"승"), IF(COUNTIFS(기록표[순위],"<>1",기록표[결과],"무")=0,"",COUNTIFS(기록표[순위],"<>1",기록표[결과],"무")&"무"), IF(COUNTIFS(기록표[순위],"<>1",기록표[결과],"패")=0,"",COUNTIFS(기록표[순위],"<>1",기록표[결과],"패")&"패")) -> 6승 2패 | D79: =IFERROR(COUNTIFS(기록표[순위],"<>1",기록표[결과],"승")/COUNTIF(기록표[순위],"<>1"),0) -> 0.75 | E79: =IFERROR(AVERAGEIF(기록표[순위],"<>1",기록표[거리(m)]),0) -> 12064.75
A80: 전체 | B80: =COUNTA(기록표[결과]) -> 15 | D80: =IFERROR(COUNTIF(기록표[결과],"승")/COUNTA(기록표[결과]),0) -> 0.4 | E80: =IFERROR(AVERAGE(기록표[거리(m)]),0) -> 12399.933

Sheet 2025 토탈
Y1: 리그 | AB1: 리그 | AE1: 시즌 | AH1: 시즌
A2: 대회 | B2: 일자 | C2: 요일 | D2: 라운드 | E2: 상대팀 | F2: 홈/원정 | G2: 득점 | H2: 실점 | I2: 결과 | J2: 중계채널 | K2: 해설 | L2: 캐스터 | M2: 득점1 | N2: 득점2 | O2: 득점3 | P2: 득점4 | Q2: 도움1 | R2: 도움2 | S2: 도움3 | T2: 도움4 | U2: 홈 관중 | V2: 주심 | X2: 이름 | Y2: 출전 | Z2: 선발 | AA2: 교체 | AB2: 득점 | AC2: 도움 | AD2: 합계 | AE2: 출전 | AF2: 선발 | AG2: 교체 | AH2: 득점 | AI2: 도움 | AJ2: 합계 | AM2: 홈/원정 | AN2: 경기 | AO2: 승 | AP2: 무 | AQ2: 패 | AR2: 승점 | AS2: 승률 | AT2: 득점 | AU2: 실점 | AV2: 득실 | AW2: 평균 승점 | AX2: 평균 득점 | AY2: 평균 실점 | BA2: 주심 | BB2: 경기 | BC2: 승 | BD2: 무 | BE2: 패 | BF2: 승점 | BG2: 승률 | BH2: 평균승점
A3: K리그 | B3: 45710 | C3: 토 | D3: 1 | E3: 경남 | F3: 홈 | G3: 2 | H3: 0 | I3: 승 | M3: 무고사 | N3: 김성민 | Q3: 김건희 | R3: 바로우 | U3: 9363 | V3: 정희수 | X3: 무고사 | Y3: =Z3+AA3 -> 34 | Z3: =COUNTIF('출전기록 (25)'!C$2:M$39,'2025 토탈'!X3) -> 22 | AA3: =COUNTIF('출전기록 (25)'!N$2:S$39,'2025 토탈'!X3) -> 12 | AB3: =COUNTIF($M$3:$P$40,$X3) -> 20 | AC3: =COUNTIF(Q$3:T$40,X3) -> 3 | AD3: =AB3+AC3 -> 23 | AE3: =AF3+AG3 -> 34 | AF3: =COUNTIF('출전기록 (25)'!W$2:AG$7,'2025 토탈'!X3)+Z3 -> 22 | AG3: =COUNTIF('출전기록 (25)'!AH$2:AM$7,'2025 토탈'!X3)+AA3 -> 12 | AH3: =COUNTIF(M$3:P$46,$X3) -> 20 | AI3: =COUNTIF(Q$3:T$46,$X3) -> 3 | AJ3: =AH3+AI3 -> 23 | AM3: 홈 | AN3: =SUM(AO3:AQ3) -> 19 | AO3: =COUNTIFS(F3:F41,AM3,I3:I41,AO2) -> 12 | AP3: =COUNTIFS(F3:F41,AM3,I3:I41,AP2) -> 4 | AQ3: =COUNTIFS(F3:F41,AM3,I3:I41,AQ2) -> 3 | AR3: =AO3*3+AP3 -> 40 | AS3: =AO3/AN3 -> 0.63157895 | AT3: =SUMIF(F3:F41,AM3,G3:G41) -> 32 | AU3: =SUMIF(F3:F41,AM3,H3:H41) -> 12 | AV3: =AT3-AU3 -> 20 | AW3: =AR3/AN3 -> 2.1052632 | AX3: =AT3/AN3 -> 1.6842105 | AY3: =AU3/AN3 -> 0.63157895 | BA3: 정희수 | BB3: =SUM(BC3:BE3) -> 3 | BC3: =COUNTIFS(V$3:V$41,BA3,I$3:I$41,BC$2) -> 3 | BD3: =COUNTIFS(V$3:V$41,$BA3,I$3:I$41,BD$2) -> 0 | BE3: =COUNTIFS($V$3:$V$41,$BA3,$I$3:$I$41,BE$2) -> 0 | BF3: =BC3*3+BD3 -> 9 | BG3: =BC3/BB3 -> 1 | BH3: =BF3/BB3 -> 3
A4: K리그 | B4: 45717 | C4: 토 | D4: 2 | E4: 수원 | F4: 홈 | G4: 2 | H4: 0 | I4: 승 | M4: 무고사 | N4: 김성민 | Q4: 김보섭 | R4: 무고사 | U4: 18173 | V4: 박종명 | X4: 제르소 | Y4: =Z4+AA4 -> 36 | Z4: =COUNTIF('출전기록 (25)'!C$2:M$39,'2025 토탈'!X4) -> 34 | AA4: =COUNTIF('출전기록 (25)'!N$2:S$39,'2025 토탈'!X4) -> 2 | AB4: =COUNTIF($M$3:$P$40,$X4) -> 12 | AC4: =COUNTIF(Q$3:T$40,X4) -> 10 | AD4: =AB4+AC4 -> 22 | AE4: =AF4+AG4 -> 36 | AF4: =COUNTIF('출전기록 (25)'!W$2:AG$7,'2025 토탈'!X4)+Z4 -> 34 | AG4: =COUNTIF('출전기록 (25)'!AH$2:AM$7,'2025 토탈'!X4)+AA4 -> 2 | AH4: =COUNTIF(M$3:P$46,$X4) -> 12 | AI4: =COUNTIF(Q$3:T$46,$X4) -> 10 | AJ4: =AH4+AI4 -> 22 | AM4: 원정 | AN4: =SUM(AO4:AQ4) -> 20 | AO4: =COUNTIFS(F3:F41,AM4,I3:I41,AO2) -> 11 | AP4: =COUNTIFS(F3:F41,AM4,I3:I41,AP2) -> 5 | AQ4: =COUNTIFS(F3:F41,AM4,I3:I41,AQ2) -> 4 | AR4: =AO4*3+AP4 -> 38 | AS4: =AO4/AN4 -> 0.55 | AT4: =SUMIF(F3:F41,AM4,G3:G41) -> 34 | AU4: =SUMIF(F3:F41,AM4,H3:H41) -> 18 | AV4: =AT4-AU4 -> 16 | AW4: =AR4/AN4 -> 1.9 | AX4: =AT4/AN4 -> 1.7 | AY4: =AU4/AN4 -> 0.9 | BA4: 박종명 | BB4: =SUM(BC4:BE4) -> 2 | BC4: =COUNTIFS(V$3:V$41,BA4,I$3:I$41,BC$2) -> 2 | BD4: =COUNTIFS(V$3:V$41,$BA4,I$3:I$41,BD$2) -> 0 | BE4: =COUNTIFS($V$3:$V$41,$BA4,$I$3:$I$41,BE$2) -> 0 | BF4: =BC4*3+BD4 -> 6 | BG4: =BC4/BB4 -> 1 | BH4: =BF4/BB4 -> 3
A5: K리그 | B5: 45725 | C5: 일 | D5: 3 | E5: 성남 | F5: 원정 | G5: 1 | H5: 2 | I5: 패 | M5: 제르소 | Q5: 이주용 | V5: 김재홍 | X5: 바로우 | Y5: =Z5+AA5 -> 34 | Z5: =COUNTIF('출전기록 (25)'!C$2:M$39,'2025 토탈'!X5) -> 23 | AA5: =COUNTIF('출전기록 (25)'!N$2:S$39,'2025 토탈'!X5) -> 11 | AB5: =COUNTIF($M$3:$P$40,$X5) -> 3 | AC5: =COUNTIF(Q$3:T$40,X5) -> 3 | AD5: =AB5+AC5 -> 6 | AE5: =AF5+AG5 -> 34 | AF5: =COUNTIF('출전기록 (25)'!W$2:AG$7,'2025 토탈'!X5)+Z5 -> 23 | AG5: =COUNTIF('출전기록 (25)'!AH$2:AM$7,'2025 토탈'!X5)+AA5 -> 11 | AH5: =COUNTIF(M$3:P$46,$X5) -> 3 | AI5: =COUNTIF(Q$3:T$46,$X5) -> 3 | AJ5: =AH5+AI5 -> 6 | AM5: 총합 | AN5: =SUM(AN3:AN4) -> 39 | AO5: =SUM(AO3:AO4) -> 23 | AP5: =SUM(AP3:AP4) -> 9 | AQ5: =SUM(AQ3:AQ4) -> 7 | AR5: =SUM(AR3:AR4) -> 78 | AS5: =AO5/AN5 -> 0.58974359 | AT5: =SUM(AT3:AT4) -> 66 | AU5: =SUM(AU3:AU4) -> 30 | AV5: =SUM(AV3:AV4) -> 36 | AW5: =AR5/AN5 -> 2 | AX5: =AT5/AN5 -> 1.6923077 | AY5: =AU5/AN5 -> 0.76923077 | BA5: 김재홍 | BB5: =SUM(BC5:BE5) -> 2 | BC5: =COUNTIFS(V$3:V$41,BA5,I$3:I$41,BC$2) -> 1 | BD5: =COUNTIFS(V$3:V$41,$BA5,I$3:I$41,BD$2) -> 0 | BE5: =COUNTIFS($V$3:$V$41,$BA5,$I$3:$I$41,BE$2) -> 1 | BF5: =BC5*3+BD5 -> 3 | BG5: =BC5/BB5 -> 0.5 | BH5: =BF5/BB5 -> 1.5
A6: K리그 | B6: 45731 | C6: 토 | D6: 4 | E6: 서울E | F6: 홈 | G6: 1 | H6: 0 | I6: 승 | M6: 무고사 | U6: 9695 | V6: 조지음 | X6: 박승호 | Y6: =Z6+AA6 -> 36 | Z6: =COUNTIF('출전기록 (25)'!C$2:M$39,'2025 토탈'!X6) -> 34 | AA6: =COUNTIF('출전기록 (25)'!N$2:S$39,'2025 토탈'!X6) -> 2 | AB6: =COUNTIF($M$3:$P$40,$X6) -> 9 | AC6: =COUNTIF(Q$3:T$40,X6) -> 1 | AD6: =AB6+AC6 -> 10 | AE6: =AF6+AG6 -> 36 | AF6: =COUNTIF('출전기록 (25)'!W$2:AG$7,'2025 토탈'!X6)+Z6 -> 34 | AG6: =COUNTIF('출전기록 (25)'!AH$2:AM$7,'2025 토탈'!X6)+AA6 -> 2 | AH6: =COUNTIF(M$3:P$46,$X6) -> 9 | AI6: =COUNTIF(Q$3:T$46,$X6) -> 1 | AJ6: =AH6+AI6 -> 10 | AM6: 팀명 | AN6: 경기 | AO6: 승 | AP6: 무 | AQ6: 패 | AR6: 승점 | AS6: 승률 | AT6: 득점 | AU6: 실점 | AV6: 득실 | BA6: 조지음 | BB6: =SUM(BC6:BE6) -> 1 | BC6: =COUNTIFS(V$3:V$41,BA6,I$3:I$41,BC$2) -> 1 | BD6: =COUNTIFS(V$3:V$41,$BA6,I$3:I$41,BD$2) -> 0 | BE6: =COUNTIFS($V$3:$V$41,$BA6,$I$3:$I$41,BE$2) -> 0 | BF6: =BC6*3+BD6 -> 3 | BG6: =BC6/BB6 -> 1 | BH6: =BF6/BB6 -> 3
A7: K리그 | B7: 45745 | C7: 토 | D7: 5 | E7: 부산 | F7: 홈 | G7: 1 | H7: 1 | I7: 무 | M7: 무고사 | U7: 8507 | V7: 정동식 | X7: 김보섭 | Y7: =Z7+AA7 -> 19 | Z7: =COUNTIF('출전기록 (25)'!C$2:M$39,'2025 토탈'!X7) -> 7 | AA7: =COUNTIF('출전기록 (25)'!N$2:S$39,'2025 토탈'!X7) -> 12 | AB7: =COUNTIF($M$3:$P$40,$X7) -> 0 | AC7: =COUNTIF(Q$3:T$40,X7) -> 4 | AD7: =AB7+AC7 -> 4 | AE7: =AF7+AG7 -> 21 | AF7: =COUNTIF('출전기록 (25)'!W$2:AG$7,'2025 토탈'!X7)+Z7 -> 9 | AG7: =COUNTIF('출전기록 (25)'!AH$2:AM$7,'2025 토탈'!X7)+AA7 -> 12 | AH7: =COUNTIF(M$3:P$46,$X7) -> 0 | AI7: =COUNTIF(Q$3:T$46,$X7) -> 5 | AJ7: =AH7+AI7 -> 5 | AL7: K리그 | AM7: 경남 | AN7: =SUM(AO7:AQ7) -> 3 | AO7: =COUNTIFS(A:A,AL7,E:E,AM7,I:I,"승") -> 3 | AP7: =COUNTIFS(A:A,AL7,E:E,AM7,I:I,"무") -> 0 | AQ7: =COUNTIFS(A:A,AL7,E:E,AM7,I:I,"패") -> 0 | AR7: =AO7*3+AP7 -> 9 | AS7: =AO7/AN7 -> 1 | AT7: =SUMIF(E:E,AM7,G:G) -> 7 | AU7: =SUMIF(E:E,AM7,H:H) -> 0 | AV7: =AT7-AU7 -> 7 | BA7: 정동식 | BB7: =SUM(BC7:BE7) -> 6 | BC7: =COUNTIFS(V$3:V$41,BA7,I$3:I$41,BC$2) -> 2 | BD7: =COUNTIFS(V$3:V$41,$BA7,I$3:I$41,BD$2) -> 3 | BE7: =COUNTIFS($V$3:$V$41,$BA7,$I$3:$I$41,BE$2) -> 1 | BF7: =BC7*3+BD7 -> 9 | BG7: =BC7/BB7 -> 0.33333333 | BH7: =BF7/BB7 -> 1.5
A8: K리그 | B8: 45752 | C8: 토 | D8: 6 | E8: 화성 | F8: 원정 | G8: 1 | H8: 0 | I8: 승 | M8: 이동률 | V8: 오현진 | X8: 김성민 | Y8: =Z8+AA8 -> 29 | Z8: =COUNTIF('출전기록 (25)'!C$2:M$39,'2025 토탈'!X8) -> 7 | AA8: =COUNTIF('출전기록 (25)'!N$2:S$39,'2025 토탈'!X8) -> 22 | AB8: =COUNTIF($M$3:$P$40,$X8) -> 2 | AC8: =COUNTIF(Q$3:T$40,X8) -> 0 | AD8: =AB8+AC8 -> 2 | AE8: =AF8+AG8 -> 31 | AF8: =COUNTIF('출전기록 (25)'!W$2:AG$7,'2025 토탈'!X8)+Z8 -> 8 | AG8: =COUNTIF('출전기록 (25)'!AH$2:AM$7,'2025 토탈'!X8)+AA8 -> 23 | AH8: =COUNTIF(M$3:P$46,$X8) -> 3 | AI8: =COUNTIF(Q$3:T$46,$X8) -> 0 | AJ8: =AH8+AI8 -> 3 | AL8: K리그 | AM8: 수원 | AN8: =SUM(AO8:AQ8) -> 3 | AO8: =COUNTIFS(A:A,AL8,E:E,AM8,I:I,"승") -> 2 | AP8: =COUNTIFS(A:A,AL8,E:E,AM8,I:I,"무") -> 1 | AQ8: =COUNTIFS(A:A,AL8,E:E,AM8,I:I,"패") -> 0 | AR8: =AO8*3+AP8 -> 7 | AS8: =AO8/AN8 -> 0.66666667 | AT8: =SUMIF(E:E,AM8,G:G) -> 5 | AU8: =SUMIF(E:E,AM8,H:H) -> 2 | AV8: =AT8-AU8 -> 3 | BA8: 오현진 | BB8: =SUM(BC8:BE8) -> 3 | BC8: =COUNTIFS(V$3:V$41,BA8,I$3:I$41,BC$2) -> 2 | BD8: =COUNTIFS(V$3:V$41,$BA8,I$3:I$41,BD$2) -> 0 | BE8: =COUNTIFS($V$3:$V$41,$BA8,$I$3:$I$41,BE$2) -> 1 | BF8: =BC8*3+BD8 -> 6 | BG8: =BC8/BB8 -> 0.66666667 | BH8: =BF8/BB8 -> 2
A9: K리그 | B9: 45760 | C9: 일 | D9: 7 | E9: 충북청주 | F9: 홈 | G9: 2 | H9: 1 | I9: 승 | M9: 이동률 | N9: 무고사 | Q9: 김명순 | U9: 5542 | V9: 박세진 | X9: 이동률 | Y9: =Z9+AA9 -> 8 | Z9: =COUNTIF('출전기록 (25)'!C$2:M$39,'2025 토탈'!X9) -> 2 | AA9: =COUNTIF('출전기록 (25)'!N$2:S$39,'2025 토탈'!X9) -> 6 | AB9: =COUNTIF($M$3:$P$40,$X9) -> 3 | AC9: =COUNTIF(Q$3:T$40,X9) -> 0 | AD9: =AB9+AC9 -> 3 | AE9: =AF9+AG9 -> 8 | AF9: =COUNTIF('출전기록 (25)'!W$2:AG$7,'2025 토탈'!X9)+Z9 -> 2 | AG9: =COUNTIF('출전기록 (25)'!AH$2:AM$7,'2025 토탈'!X9)+AA9 -> 6 | AH9: =COUNTIF(M$3:P$46,$X9) -> 3 | AI9: =COUNTIF(Q$3:T$46,$X9) -> 0 | AJ9: =AH9+AI9 -> 3 | AL9: K리그 | AM9: 성남 | AN9: =SUM(AO9:AQ9) -> 3 | AO9: =COUNTIFS(A:A,AL9,E:E,AM9,I:I,"승") -> 0 | AP9: =COUNTIFS(A:A,AL9,E:E,AM9,I:I,"무") -> 1 | AQ9: =COUNTIFS(A:A,AL9,E:E,AM9,I:I,"패") -> 2 | AR9: =AO9*3+AP9 -> 1 | AS9: =AO9/AN9 -> 0 | AT9: =SUMIF(E:E,AM9,G:G) -> 4 | AU9: =SUMIF(E:E,AM9,H:H) -> 6 | AV9: =AT9-AU9 -> -2 | BA9: 박세진 | BB9: =SUM(BC9:BE9) -> 2 | BC9: =COUNTIFS(V$3:V$41,BA9,I$3:I$41,BC$2) -> 2 | BD9: =COUNTIFS(V$3:V$41,$BA9,I$3:I$41,BD$2) -> 0 | BE9: =COUNTIFS($V$3:$V$41,$BA9,$I$3:$I$41,BE$2) -> 0 | BF9: =BC9*3+BD9 -> 6 | BG9: =BC9/BB9 -> 1 | BH9: =BF9/BB9 -> 3
A10: K리그 | B10: 45766 | C10: 토 | D10: 8 | E10: 천안 | F10: 홈 | G10: 3 | H10: 0 | I10: 승 | M10: 무고사 | N10: 무고사 | O10: 이동률 | Q10: 김명순 | R10: 제르소 | U10: 4637 | V10: 정희수 | X10: 김민석 | Y10: =Z10+AA10 -> 22 | Z10: =COUNTIF('출전기록 (25)'!C$2:M$39,'2025 토탈'!X10) -> 4 | AA10: =COUNTIF('출전기록 (25)'!N$2:S$39,'2025 토탈'!X10) -> 18 | AB10: =COUNTIF($M$3:$P$40,$X10) -> 1 | AC10: =COUNTIF(Q$3:T$40,X10) -> 0 | AD10: =AB10+AC10 -> 1 | AE10: =AF10+AG10 -> 24 | AF10: =COUNTIF('출전기록 (25)'!W$2:AG$7,'2025 토탈'!X10)+Z10 -> 6 | AG10: =COUNTIF('출전기록 (25)'!AH$2:AM$7,'2025 토탈'!X10)+AA10 -> 18 | AH10: =COUNTIF(M$3:P$46,$X10) -> 1 | AI10: =COUNTIF(Q$3:T$46,$X10) -> 2 | AJ10: =AH10+AI10 -> 3 | AL10: K리그 | AM10: 서울E | AN10: =SUM(AO10:AQ10) -> 3 | AO10: =COUNTIFS(A:A,AL10,E:E,AM10,I:I,"승") -> 1 | AP10: =COUNTIFS(A:A,AL10,E:E,AM10,I:I,"무") -> 2 | AQ10: =COUNTIFS(A:A,AL10,E:E,AM10,I:I,"패") -> 0 | AR10: =AO10*3+AP10 -> 5 | AS10: =AO10/AN10 -> 0.33333333 | AT10: =SUMIF(E:E,AM10,G:G) -> 1 | AU10: =SUMIF(E:E,AM10,H:H) -> 0 | AV10: =AT10-AU10 -> 1 | BA10: 고민국 | BB10: =SUM(BC10:BE10) -> 3 | BC10: =COUNTIFS(V$3:V$41,BA10,I$3:I$41,BC$2) -> 3 | BD10: =COUNTIFS(V$3:V$41,$BA10,I$3:I$41,BD$2) -> 0 | BE10: =COUNTIFS($V$3:$V$41,$BA10,$I$3:$I$41,BE$2) -> 0 | BF10: =BC10*3+BD10 -> 9 | BG10: =BC10/BB10 -> 1 | BH10: =BF10/BB10 -> 3
A11: K리그 | B11: 45773 | C11: 토 | D11: 9 | E11: 부천 | F11: 원정 | G11: 3 | H11: 1 | I11: 승 | M11: 박승호 | N11: 이명주 | O11: 무고사 | Q11: 무고사 | R11: 제르소 | S11: 제르소 | V11: 박종명 | X11: 백민규 | Y11: =Z11+AA11 -> 3 | Z11: =COUNTIF('출전기록 (25)'!C$2:M$39,'2025 토탈'!X11) -> 3 | AA11: =COUNTIF('출전기록 (25)'!N$2:S$39,'2025 토탈'!X11) -> 0 | AB11: =COUNTIF($M$3:$P$40,$X11) -> 0 | AC11: =COUNTIF(Q$3:T$40,X11) -> 0 | AD11: =AB11+AC11 -> 0 | AE11: =AF11+AG11 -> 6 | AF11: =COUNTIF('출전기록 (25)'!W$2:AG$7,'2025 토탈'!X11)+Z11 -> 5 | AG11: =COUNTIF('출전기록 (25)'!AH$2:AM$7,'2025 토탈'!X11)+AA11 -> 1 | AH11: =COUNTIF(M$3:P$46,$X11) -> 0 | AI11: =COUNTIF(Q$3:T$46,$X11) -> 0 | AJ11: =AH11+AI11 -> 0 | AL11: K리그 | AM11: 부산 | AN11: =SUM(AO11:AQ11) -> 3 | AO11: =COUNTIFS(A:A,AL11,E:E,AM11,I:I,"승") -> 1 | AP11: =COUNTIFS(A:A,AL11,E:E,AM11,I:I,"무") -> 2 | AQ11: =COUNTIFS(A:A,AL11,E:E,AM11,I:I,"패") -> 0 | AR11: =AO11*3+AP11 -> 5 | AS11: =AO11/AN11 -> 0.33333333 | AT11: =SUMIF(E:E,AM11,G:G) -> 3 | AU11: =SUMIF(E:E,AM11,H:H) -> 1 | AV11: =AT11-AU11 -> 2 | BA11: 정회수 | BB11: =SUM(BC11:BE11) -> 1 | BC11: =COUNTIFS(V$3:V$41,BA11,I$3:I$41,BC$2) -> 1 | BD11: =COUNTIFS(V$3:V$41,$BA11,I$3:I$41,BD$2) -> 0 | BE11: =COUNTIFS($V$3:$V$41,$BA11,$I$3:$I$41,BE$2) -> 0 | BF11: =BC11*3+BD11 -> 3 | BG11: =BC11/BB11 -> 1 | BH11: =BF11/BB11 -> 3
A12: K리그 | B12: 45781 | C12: 일 | D12: 10 | E12: 김포 | F12: 홈 | G12: 3 | H12: 0 | I12: 승 | M12: 박경섭 | N12: 무고사 | O12: 김민석 | S12: 이주용 | U12: 11792 | V12: 고민국 | X12: 박호민 | Y12: =Z12+AA12 -> 24 | Z12: =COUNTIF('출전기록 (25)'!C$2:M$39,'2025 토탈'!X12) -> 8 | AA12: =COUNTIF('출전기록 (25)'!N$2:S$39,'2025 토탈'!X12) -> 16 | AB12: =COUNTIF($M$3:$P$40,$X12) -> 5 | AC12: =COUNTIF(Q$3:T$40,X12) -> 0 | AD12: =AB12+AC12 -> 5 | AE12: =AF12+AG12 -> 27 | AF12: =COUNTIF('출전기록 (25)'!W$2:AG$7,'2025 토탈'!X12)+Z12 -> 10 | AG12: =COUNTIF('출전기록 (25)'!AH$2:AM$7,'2025 토탈'!X12)+AA12 -> 17 | AH12: =COUNTIF(M$3:P$46,$X12) -> 7 | AI12: =COUNTIF(Q$3:T$46,$X12) -> 0 | AJ12: =AH12+AI12 -> 7 | AL12: K리그 | AM12: 화성 | AN12: =SUM(AO12:AQ12) -> 3 | AO12: =COUNTIFS(A:A,AL12,E:E,AM12,I:I,"승") -> 3 | AP12: =COUNTIFS(A:A,AL12,E:E,AM12,I:I,"무") -> 0 | AQ12: =COUNTIFS(A:A,AL12,E:E,AM12,I:I,"패") -> 0 | AR12: =AO12*3+AP12 -> 9 | AS12: =AO12/AN12 -> 1 | AT12: =SUMIF(E:E,AM12,G:G) -> 4 | AU12: =SUMIF(E:E,AM12,H:H) -> 0 | AV12: =AT12-AU12 -> 4 | BA12: 최철준 | BB12: =SUM(BC12:BE12) -> 3 | BC12: =COUNTIFS(V$3:V$41,BA12,I$3:I$41,BC$2) -> 1 | BD12: =COUNTIFS(V$3:V$41,$BA12,I$3:I$41,BD$2) -> 2 | BE12: =COUNTIFS($V$3:$V$41,$BA12,$I$3:$I$41,BE$2) -> 0 | BF12: =BC12*3+BD12 -> 5 | BG12: =BC12/BB12 -> 0.33333333 | BH12: =BF12/BB12 -> 1.6666667
A13: K리그 | B13: 45787 | C13: 토 | D13: 11 | E13: 충남아산 | F13: 원정 | G13: 3 | H13: 0 | I13: 승 | M13: 제르소 | N13: 바로우 | O13: 제르소 | Q13: 이명주 | R13: 무고사 | S13: 바로우 | V13: 김재홍 | X13: 쇼타 | Y13: =Z13+AA13 -> 0 | Z13: =COUNTIF('출전기록 (25)'!C$2:M$39,'2025 토탈'!X13) -> 0 | AA13: =COUNTIF('출전기록 (25)'!N$2:S$39,'2025 토탈'!X13) -> 0 | AB13: =COUNTIF($M$3:$P$40,$X13) -> 0 | AC13: =COUNTIF(Q$3:T$40,X13) -> 0 | AD13: =AB13+AC13 -> 0 | AE13: =AF13+AG13 -> 3 | AF13: =COUNTIF('출전기록 (25)'!W$2:AG$7,'2025 토탈'!X13)+Z13 -> 1 | AG13: =COUNTIF('출전기록 (25)'!AH$2:AM$7,'2025 토탈'!X13)+AA13 -> 2 | AH13: =COUNTIF(M$3:P$46,$X13) -> 0 | AI13: =COUNTIF(Q$3:T$46,$X13) -> 0 | AJ13: =AH13+AI13 -> 0 | AL13: K리그 | AM13: 충북청주 | AN13: =SUM(AO13:AQ13) -> 3 | AO13: =COUNTIFS(A:A,AL13,E:E,AM13,I:I,"승") -> 2 | AP13: =COUNTIFS(A:A,AL13,E:E,AM13,I:I,"무") -> 0 | AQ13: =COUNTIFS(A:A,AL13,E:E,AM13,I:I,"패") -> 1 | AR13: =AO13*3+AP13 -> 6 | AS13: =AO13/AN13 -> 0.66666667 | AT13: =SUMIF(E:E,AM13,G:G) -> 6 | AU13: =SUMIF(E:E,AM13,H:H) -> 2 | AV13: =AT13-AU13 -> 4 | BA13: 원명희 | BB13: =SUM(BC13:BE13) -> 1 | BC13: =COUNTIFS(V$3:V$41,BA13,I$3:I$41,BC$2) -> 0 | BD13: =COUNTIFS(V$3:V$41,$BA13,I$3:I$41,BD$2) -> 1 | BE13: =COUNTIFS($V$3:$V$41,$BA13,$I$3:$I$41,BE$2) -> 0 | BF13: =BC13*3+BD13 -> 1 | BG13: =BC13/BB13 -> 0 | BH13: =BF13/BB13 -> 1
A14: K리그 | B14: 45795 | C14: 일 | D14: 12 | E14: 안산 | F14: 원정 | G14: 2 | H14: 0 | I14: 승 | M14: 무고사 | N14: 박승호 | R14: 제르소 | V14: 박세진 | X14: 강민성 | Y14: =Z14+AA14 -> 0 | Z14: =COUNTIF('출전기록 (25)'!C$2:M$39,'2025 토탈'!X14) -> 0 | AA14: =COUNTIF('출전기록 (25)'!N$2:S$39,'2025 토탈'!X14) -> 0 | AB14: =COUNTIF($M$3:$P$40,$X14) -> 0 | AC14: =COUNTIF(Q$3:T$40,X14) -> 0 | AD14: =AB14+AC14 -> 0 | AE14: =AF14+AG14 -> 1 | AF14: =COUNTIF('출전기록 (25)'!W$2:AG$7,'2025 토탈'!X14)+Z14 -> 0 | AG14: =COUNTIF('출전기록 (25)'!AH$2:AM$7,'2025 토탈'!X14)+AA14 -> 1 | AH14: =COUNTIF(M$3:P$46,$X14) -> 0 | AI14: =COUNTIF(Q$3:T$46,$X14) -> 0 | AJ14: =AH14+AI14 -> 0 | AL14: K리그 | AM14: 천안 | AN14: =SUM(AO14:AQ14) -> 3 | AO14: =COUNTIFS(A:A,AL14,E:E,AM14,I:I,"승") -> 2 | AP14: =COUNTIFS(A:A,AL14,E:E,AM14,I:I,"무") -> 1 | AQ14: =COUNTIFS(A:A,AL14,E:E,AM14,I:I,"패") -> 0 | AR14: =AO14*3+AP14 -> 7 | AS14: =AO14/AN14 -> 0.66666667 | AT14: =SUMIF(E:E,AM14,G:G) -> 10 | AU14: =SUMIF(E:E,AM14,H:H) -> 6 | AV14: =AT14-AU14 -> 4 | BA14: 이경순 | BB14: =SUM(BC14:BE14) -> 1 | BC14: =COUNTIFS(V$3:V$41,BA14,I$3:I$41,BC$2) -> 1 | BD14: =COUNTIFS(V$3:V$41,$BA14,I$3:I$41,BD$2) -> 0 | BE14: =COUNTIFS($V$3:$V$41,$BA14,$I$3:$I$41,BE$2) -> 0 | BF14: =BC14*3+BD14 -> 3 | BG14: =BC14/BB14 -> 1 | BH14: =BF14/BB14 -> 3
A15: K리그 | B15: 45802 | C15: 일 | D15: 13 | E15: 전남 | F15: 홈 | G15: 2 | H15: 0 | I15: 승 | M15: 무고사 | N15: 무고사 | U15: 12052 | V15: 정동식 | X15: 서동한 | Y15: =Z15+AA15 -> 0 | Z15: =COUNTIF('출전기록 (25)'!C$2:M$39,'2025 토탈'!X15) -> 0 | AA15: =COUNTIF('출전기록 (25)'!N$2:S$39,'2025 토탈'!X15) -> 0 | AB15: =COUNTIF($M$3:$P$40,$X15) -> 0 | AC15: =COUNTIF(Q$3:T$40,X15) -> 0 | AD15: =AB15+AC15 -> 0 | AE15: =AF15+AG15 -> 2 | AF15: =COUNTIF('출전기록 (25)'!W$2:AG$7,'2025 토탈'!X15)+Z15 -> 1 | AG15: =COUNTIF('출전기록 (25)'!AH$2:AM$7,'2025 토탈'!X15)+AA15 -> 1 | AH15: =COUNTIF(M$3:P$46,$X15) -> 0 | AI15: =COUNTIF(Q$3:T$46,$X15) -> 0 | AJ15: =AH15+AI15 -> 0 | AL15: K리그 | AM15: 부천 | AN15: =SUM(AO15:AQ15) -> 3 | AO15: =COUNTIFS(A:A,AL15,E:E,AM15,I:I,"승") -> 2 | AP15: =COUNTIFS(A:A,AL15,E:E,AM15,I:I,"무") -> 0 | AQ15: =COUNTIFS(A:A,AL15,E:E,AM15,I:I,"패") -> 1 | AR15: =AO15*3+AP15 -> 6 | AS15: =AO15/AN15 -> 0.66666667 | AT15: =SUMIF(E:E,AM15,G:G) -> 4 | AU15: =SUMIF(E:E,AM15,H:H) -> 2 | AV15: =AT15-AU15 -> 2 | BA15: 박진호 | BB15: =SUM(BC15:BE15) -> 1 | BC15: =COUNTIFS(V$3:V$41,BA15,I$3:I$41,BC$2) -> 1 | BD15: =COUNTIFS(V$3:V$41,$BA15,I$3:I$41,BD$2) -> 0 | BE15: =COUNTIFS($V$3:$V$41,$BA15,$I$3:$I$41,BE$2) -> 0 | BF15: =BC15*3+BD15 -> 3 | BG15: =BC15/BB15 -> 1 | BH15: =BF15/BB15 -> 3
A16: K리그 | B16: 45809 | C16: 일 | D16: 14 | E16: 천안 | F16: 원정 | G16: 3 | H16: 3 | I16: 무 | M16: 자책골 | N16: 무고사 | O16: 제르소 | V16: 최철준 | X16: 성힘찬 | Y16: =Z16+AA16 -> 0 | Z16: =COUNTIF('출전기록 (25)'!C$2:M$39,'2025 토탈'!X16) -> 0 | AA16: =COUNTIF('출전기록 (25)'!N$2:S$39,'2025 토탈'!X16) -> 0 | AB16: =COUNTIF($M$3:$P$40,$X16) -> 0 | AC16: =COUNTIF(Q$3:T$40,X16) -> 0 | AD16: =AB16+AC16 -> 0 | AE16: =AF16+AG16 -> 0 | AF16: =COUNTIF('출전기록 (25)'!W$2:AG$7,'2025 토탈'!X16)+Z16 -> 0 | AG16: =COUNTIF('출전기록 (25)'!AH$2:AM$7,'2025 토탈'!X16)+AA16 -> 0 | AH16: =COUNTIF(M$3:P$46,$X16) -> 0 | AI16: =COUNTIF(Q$3:T$46,$X16) -> 0 | AJ16: =AH16+AI16 -> 0 | AL16: K리그 | AM16: 김포 | AN16: =SUM(AO16:AQ16) -> 3 | AO16: =COUNTIFS(A:A,AL16,E:E,AM16,I:I,"승") -> 1 | AP16: =COUNTIFS(A:A,AL16,E:E,AM16,I:I,"무") -> 1 | AQ16: =COUNTIFS(A:A,AL16,E:E,AM16,I:I,"패") -> 1 | AR16: =AO16*3+AP16 -> 4 | AS16: =AO16/AN16 -> 0.33333333 | AT16: =SUMIF(E:E,AM16,G:G) -> 5 | AU16: =SUMIF(E:E,AM16,H:H) -> 3 | AV16: =AT16-AU16 -> 2 | BA16: 오현정 | BB16: =SUM(BC16:BE16) -> 3 | BC16: =COUNTIFS(V$3:V$41,BA16,I$3:I$41,BC$2) -> 1 | BD16: =COUNTIFS(V$3:V$41,$BA16,I$3:I$41,BD$2) -> 1 | BE16: =COUNTIFS($V$3:$V$41,$BA16,$I$3:$I$41,BE$2) -> 1 | BF16: =BC16*3+BD16 -> 4 | BG16: =BC16/BB16 -> 0.33333333 | BH16: =BF16/BB16 -> 1.3333333
A17: K리그 | B17: 45816 | C17: 일 | D17: 15 | E17: 부천 | F17: 홈 | G17: 1 | H17: 0 | I17: 승 | M17: 제르소 | U17: 11007 | V17: 오현진 | X17: 이명주 | Y17: =Z17+AA17 -> 34 | Z17: =COUNTIF('출전기록 (25)'!C$2:M$39,'2025 토탈'!X17) -> 34 | AA17: =COUNTIF('출전기록 (25)'!N$2:S$39,'2025 토탈'!X17) -> 0 | AB17: =COUNTIF($M$3:$P$40,$X17) -> 2 | AC17: =COUNTIF(Q$3:T$40,X17) -> 3 | AD17: =AB17+AC17 -> 5 | AE17: =AF17+AG17 -> 34 | AF17: =COUNTIF('출전기록 (25)'!W$2:AG$7,'2025 토탈'!X17)+Z17 -> 34 | AG17: =COUNTIF('출전기록 (25)'!AH$2:AM$7,'2025 토탈'!X17)+AA17 -> 0 | AH17: =COUNTIF(M$3:P$46,$X17) -> 2 | AI17: =COUNTIF(Q$3:T$46,$X17) -> 3 | AJ17: =AH17+AI17 -> 5 | AL17: K리그 | AM17: 충남아산 | AN17: =SUM(AO17:AQ17) -> 3 | AO17: =COUNTIFS(A:A,AL17,E:E,AM17,I:I,"승") -> 2 | AP17: =COUNTIFS(A:A,AL17,E:E,AM17,I:I,"무") -> 1 | AQ17: =COUNTIFS(A:A,AL17,E:E,AM17,I:I,"패") -> 0 | AR17: =AO17*3+AP17 -> 7 | AS17: =AO17/AN17 -> 0.66666667 | AT17: =SUMIF(E:E,AM17,G:G) -> 6 | AU17: =SUMIF(E:E,AM17,H:H) -> 2 | AV17: =AT17-AU17 -> 4 | BA17: 최광호 | BB17: =SUM(BC17:BE17) -> 2 | BC17: =COUNTIFS(V$3:V$41,BA17,I$3:I$41,BC$2) -> 1 | BD17: =COUNTIFS(V$3:V$41,$BA17,I$3:I$41,BD$2) -> 1 | BE17: =COUNTIFS($V$3:$V$41,$BA17,$I$3:$I$41,BE$2) -> 0 | BF17: =BC17*3+BD17 -> 4 | BG17: =BC17/BB17 -> 0.5 | BH17: =BF17/BB17 -> 2
A18: K리그 | B18: 45823 | C18: 일 | D18: 16 | E18: 수원 | F18: 원정 | G18: 2 | H18: 1 | I18: 승 | M18: 박승호 | N18: 박승호 | Q18: 제르소 | R18: 바로우 | V18: 정동식 | X18: 문지환 | Y18: =Z18+AA18 -> 15 | Z18: =COUNTIF('출전기록 (25)'!C$2:M$39,'2025 토탈'!X18) -> 8 | AA18: =COUNTIF('출전기록 (25)'!N$2:S$39,'2025 토탈'!X18) -> 7 | AB18: =COUNTIF($M$3:$P$40,$X18) -> 1 | AC18: =COUNTIF(Q$3:T$40,X18) -> 0 | AD18: =AB18+AC18 -> 1 | AE18: =AF18+AG18 -> 17 | AF18: =COUNTIF('출전기록 (25)'!W$2:AG$7,'2025 토탈'!X18)+Z18 -> 10 | AG18: =COUNTIF('출전기록 (25)'!AH$2:AM$7,'2025 토탈'!X18)+AA18 -> 7 | AH18: =COUNTIF(M$3:P$46,$X18) -> 2 | AI18: =COUNTIF(Q$3:T$46,$X18) -> 0 | AJ18: =AH18+AI18 -> 2 | AL18: K리그 | AM18: 안산 | AN18: =SUM(AO18:AQ18) -> 3 | AO18: =COUNTIFS(A:A,AL18,E:E,AM18,I:I,"승") -> 3 | AP18: =COUNTIFS(A:A,AL18,E:E,AM18,I:I,"무") -> 0 | AQ18: =COUNTIFS(A:A,AL18,E:E,AM18,I:I,"패") -> 0 | AR18: =AO18*3+AP18 -> 9 | AS18: =AO18/AN18 -> 1 | AT18: =SUMIF(E:E,AM18,G:G) -> 7 | AU18: =SUMIF(E:E,AM18,H:H) -> 2 | AV18: =AT18-AU18 -> 5 | BA18: 김희곤 | BB18: =SUM(BC18:BE18) -> 1 | BC18: =COUNTIFS(V$3:V$41,BA18,I$3:I$41,BC$2) -> 0 | BD18: =COUNTIFS(V$3:V$41,$BA18,I$3:I$41,BD$2) -> 0 | BE18: =COUNTIFS($V$3:$V$41,$BA18,$I$3:$I$41,BE$2) -> 1 | BF18: =BC18*3+BD18 -> 0 | BG18: =BC18/BB18 -> 0 | BH18: =BF18/BB18 -> 0
A19: K리그 | B19: 45829 | C19: 토 | D19: 17 | E19: 화성 | F19: 홈 | G19: 2 | H19: 0 | I19: 승 | M19: 제르소 | N19: 무고사 | R19: 제르소 | U19: 9245 | V19: 정회수 | X19: 김도혁 | Y19: =Z19+AA19 -> 6 | Z19: =COUNTIF('출전기록 (25)'!C$2:M$39,'2025 토탈'!X19) -> 2 | AA19: =COUNTIF('출전기록 (25)'!N$2:S$39,'2025 토탈'!X19) -> 4 | AB19: =COUNTIF($M$3:$P$40,$X19) -> 0 | AC19: =COUNTIF(Q$3:T$40,X19) -> 0 | AD19: =AB19+AC19 -> 0 | AE19: =AF19+AG19 -> 9 | AF19: =COUNTIF('출전기록 (25)'!W$2:AG$7,'2025 토탈'!X19)+Z19 -> 5 | AG19: =COUNTIF('출전기록 (25)'!AH$2:AM$7,'2025 토탈'!X19)+AA19 -> 4 | AH19: =COUNTIF(M$3:P$46,$X19) -> 0 | AI19: =COUNTIF(Q$3:T$46,$X19) -> 0 | AJ19: =AH19+AI19 -> 0 | AL19: K리그 | AM19: 전남 | AN19: =SUM(AO19:AQ19) -> 3 | AO19: =COUNTIFS(A:A,AL19,E:E,AM19,I:I,"승") -> 1 | AP19: =COUNTIFS(A:A,AL19,E:E,AM19,I:I,"무") -> 0 | AQ19: =COUNTIFS(A:A,AL19,E:E,AM19,I:I,"패") -> 2 | AR19: =AO19*3+AP19 -> 3 | AS19: =AO19/AN19 -> 0.33333333 | AT19: =SUMIF(E:E,AM19,G:G) -> 4 | AU19: =SUMIF(E:E,AM19,H:H) -> 4 | AV19: =AT19-AU19 -> 0 | BA19: 김종혁 | BB19: =SUM(BC19:BE19) -> 1 | BC19: =COUNTIFS(V$3:V$41,BA19,I$3:I$41,BC$2) -> 0 | BD19: =COUNTIFS(V$3:V$41,$BA19,I$3:I$41,BD$2) -> 0 | BE19: =COUNTIFS($V$3:$V$41,$BA19,$I$3:$I$41,BE$2) -> 1 | BF19: =BC19*3+BD19 -> 0 | BG19: =BC19/BB19 -> 0 | BH19: =BF19/BB19 -> 0
A20: K리그 | B20: 45837 | C20: 일 | D20: 18 | E20: 김포 | F20: 원정 | G20: 1 | H20: 1 | I20: 무 | M20: 문지환 | V20: 원명희 | X20: 신진호 | Y20: =Z20+AA20 -> 31 | Z20: =COUNTIF('출전기록 (25)'!C$2:M$39,'2025 토탈'!X20) -> 8 | AA20: =COUNTIF('출전기록 (25)'!N$2:S$39,'2025 토탈'!X20) -> 23 | AB20: =COUNTIF($M$3:$P$40,$X20) -> 4 | AC20: =COUNTIF(Q$3:T$40,X20) -> 4 | AD20: =AB20+AC20 -> 8 | AE20: =AF20+AG20 -> 31 | AF20: =COUNTIF('출전기록 (25)'!W$2:AG$7,'2025 토탈'!X20)+Z20 -> 8 | AG20: =COUNTIF('출전기록 (25)'!AH$2:AM$7,'2025 토탈'!X20)+AA20 -> 23 | AH20: =COUNTIF(M$3:P$46,$X20) -> 4 | AI20: =COUNTIF(Q$3:T$46,$X20) -> 4 | AJ20: =AH20+AI20 -> 8 | BA20: 송민석 | BB20: =SUM(BC20:BE20) -> 1 | BC20: =COUNTIFS(V$3:V$41,BA20,I$3:I$41,BC$2) -> 0 | BD20: =COUNTIFS(V$3:V$41,$BA20,I$3:I$41,BD$2) -> 1 | BE20: =COUNTIFS($V$3:$V$41,$BA20,$I$3:$I$41,BE$2) -> 0 | BF20: =BC20*3+BD20 -> 1 | BG20: =BC20/BB20 -> 0 | BH20: =BF20/BB20 -> 1
A21: K리그 | B21: 45843 | C21: 토 | D21: 19 | E21: 전남 | F21: 원정 | G21: 1 | H21: 2 | I21: 패 | M21: 박승호 | Q21: 김건희 | V21: 정동식 | X21: 김현서 | Y21: =Z21+AA21 -> 0 | Z21: =COUNTIF('출전기록 (25)'!C$2:M$39,'2025 토탈'!X21) -> 0 | AA21: =COUNTIF('출전기록 (25)'!N$2:S$39,'2025 토탈'!X21) -> 0 | AB21: =COUNTIF($M$3:$P$40,$X21) -> 0 | AC21: =COUNTIF(Q$3:T$40,X21) -> 0 | AD21: =AB21+AC21 -> 0 | AE21: =AF21+AG21 -> 0 | AF21: =COUNTIF('출전기록 (25)'!W$2:AG$7,'2025 토탈'!X21)+Z21 -> 0 | AG21: =COUNTIF('출전기록 (25)'!AH$2:AM$7,'2025 토탈'!X21)+AA21 -> 0 | AH21: =COUNTIF(M$3:P$46,$X21) -> 0 | AI21: =COUNTIF(Q$3:T$46,$X21) -> 0 | AJ21: =AH21+AI21 -> 0 | BA21: 김용우 | BB21: =SUM(BC21:BE21) -> 1 | BC21: =COUNTIFS(V$3:V$41,BA21,I$3:I$41,BC$2) -> 1 | BD21: =COUNTIFS(V$3:V$41,$BA21,I$3:I$41,BD$2) -> 0 | BE21: =COUNTIFS($V$3:$V$41,$BA21,$I$3:$I$41,BE$2) -> 0 | BF21: =BC21*3+BD21 -> 3 | BG21: =BC21/BB21 -> 1 | BH21: =BF21/BB21 -> 3
A22: K리그 | B22: 45851 | C22: 일 | D22: 20 | E22: 충남아산 | F22: 홈 | G22: 2 | H22: 1 | I22: 승 | M22: 바로우 | N22: 무고사 | Q22: 제르소 | U22: 9326 | V22: 박진호 | X22: 이가람 | Y22: =Z22+AA22 -> 0 | Z22: =COUNTIF('출전기록 (25)'!C$2:M$39,'2025 토탈'!X22) -> 0 | AA22: =COUNTIF('출전기록 (25)'!N$2:S$39,'2025 토탈'!X22) -> 0 | AB22: =COUNTIF($M$3:$P$40,$X22) -> 0 | AC22: =COUNTIF(Q$3:T$40,X22) -> 0 | AD22: =AB22+AC22 -> 0 | AE22: =AF22+AG22 -> 2 | AF22: =COUNTIF('출전기록 (25)'!W$2:AG$7,'2025 토탈'!X22)+Z22 -> 0 | AG22: =COUNTIF('출전기록 (25)'!AH$2:AM$7,'2025 토탈'!X22)+AA22 -> 2 | AH22: =COUNTIF(M$3:P$46,$X22) -> 0 | AI22: =COUNTIF(Q$3:T$46,$X22) -> 0 | AJ22: =AH22+AI22 -> 0 | BA22: 설태환 | BB22: =SUM(BC22:BE22) -> 1 | BC22: =COUNTIFS(V$3:V$41,BA22,I$3:I$41,BC$2) -> 0 | BD22: =COUNTIFS(V$3:V$41,$BA22,I$3:I$41,BD$2) -> 0 | BE22: =COUNTIFS($V$3:$V$41,$BA22,$I$3:$I$41,BE$2) -> 1 | BF22: =BC22*3+BD22 -> 0 | BG22: =BC22/BB22 -> 0 | BH22: =BF22/BB22 -> 0
A23: K리그 | B23: 45858 | C23: 일 | D23: 21 | E23: 경남 | F23: 원정 | G23: 2 | H23: 0 | I23: 승 | M23: 박호민 | N23: 신진호 | Q23: 최승구 | V23: 이경순 | X23: 강도욱 | Y23: =Z23+AA23 -> 0 | Z23: =COUNTIF('출전기록 (25)'!C$2:M$39,'2025 토탈'!X23) -> 0 | AA23: =COUNTIF('출전기록 (25)'!N$2:S$39,'2025 토탈'!X23) -> 0 | AB23: =COUNTIF($M$3:$P$40,$X23) -> 0 | AC23: =COUNTIF(Q$3:T$40,X23) -> 0 | AD23: =AB23+AC23 -> 0 | AE23: =AF23+AG23 -> 1 | AF23: =COUNTIF('출전기록 (25)'!W$2:AG$7,'2025 토탈'!X23)+Z23 -> 1 | AG23: =COUNTIF('출전기록 (25)'!AH$2:AM$7,'2025 토탈'!X23)+AA23 -> 0 | AH23: =COUNTIF(M$3:P$46,$X23) -> 0 | AI23: =COUNTIF(Q$3:T$46,$X23) -> 0 | AJ23: =AH23+AI23 -> 0 | BA23: 총합 | BB23: =SUM(BB3:BB22) -> 39 | BC23: =SUM(BC3:BC22) -> 23 | BD23: =SUM(BD3:BD22) -> 9 | BE23: =SUM(BE3:BE22) -> 7 | BF23: =SUM(BF3:BF22) -> 78 | BG23: =BC23/BB23 -> 0.58974359 | BH23: =BF23/BB23 -> 2
A24: K리그 | B24: 45865 | C24: 일 | D24: 22 | E24: 안산 | F24: 홈 | G24: 4 | H24: 2 | I24: 승 | M24: 제르소 | N24: 신진호 | O24: 제르소 | P24: 무고사 | Q24: 신진호 | S24: 김명순 | U24: 7392 | V24: 최철준 | X24: 김건웅 | Y24: =Z24+AA24 -> 19 | Z24: =COUNTIF('출전기록 (25)'!C$2:M$39,'2025 토탈'!X24) -> 15 | AA24: =COUNTIF('출전기록 (25)'!N$2:S$39,'2025 토탈'!X24) -> 4 | AB24: =COUNTIF($M$3:$P$40,$X24) -> 0 | AC24: =COUNTIF(Q$3:T$40,X24) -> 0 | AD24: =AB24+AC24 -> 0 | AE24: =AF24+AG24 -> 19 | AF24: =COUNTIF('출전기록 (25)'!W$2:AG$7,'2025 토탈'!X24)+Z24 -> 15 | AG24: =COUNTIF('출전기록 (25)'!AH$2:AM$7,'2025 토탈'!X24)+AA24 -> 4 | AH24: =COUNTIF(M$3:P$46,$X24) -> 0 | AI24: =COUNTIF(Q$3:T$46,$X24) -> 0 | AJ24: =AH24+AI24 -> 0
A25: K리그 | B25: 45871 | C25: 토 | D25: 23 | E25: 서울E | F25: 원정 | G25: 0 | H25: 0 | I25: 무 | V25: 오현정 | X25: 정원진 | Y25: =Z25+AA25 -> 17 | Z25: =COUNTIF('출전기록 (25)'!C$2:M$39,'2025 토탈'!X25) -> 13 | AA25: =COUNTIF('출전기록 (25)'!N$2:S$39,'2025 토탈'!X25) -> 4 | AB25: =COUNTIF($M$3:$P$40,$X25) -> 1 | AC25: =COUNTIF(Q$3:T$40,X25) -> 0 | AD25: =AB25+AC25 -> 1 | AE25: =AF25+AG25 -> 17 | AF25: =COUNTIF('출전기록 (25)'!W$2:AG$7,'2025 토탈'!X25)+Z25 -> 13 | AG25: =COUNTIF('출전기록 (25)'!AH$2:AM$7,'2025 토탈'!X25)+AA25 -> 4 | AH25: =COUNTIF(M$3:P$46,$X25) -> 1 | AI25: =COUNTIF(Q$3:T$46,$X25) -> 0 | AJ25: =AH25+AI25 -> 1
A26: K리그 | B26: 45878 | C26: 토 | D26: 24 | E26: 부산 | F26: 원정 | G26: 2 | H26: 0 | I26: 승 | M26: 박승호 | N26: 신진호 | Q26: 제르소 | R26: 김보섭 | V26: 최광호 | X26: 박경섭 | Y26: =Z26+AA26 -> 19 | Z26: =COUNTIF('출전기록 (25)'!C$2:M$39,'2025 토탈'!X26) -> 19 | AA26: =COUNTIF('출전기록 (25)'!N$2:S$39,'2025 토탈'!X26) -> 0 | AB26: =COUNTIF($M$3:$P$40,$X26) -> 1 | AC26: =COUNTIF(Q$3:T$40,X26) -> 0 | AD26: =AB26+AC26 -> 1 | AE26: =AF26+AG26 -> 19 | AF26: =COUNTIF('출전기록 (25)'!W$2:AG$7,'2025 토탈'!X26)+Z26 -> 19 | AG26: =COUNTIF('출전기록 (25)'!AH$2:AL$7,'2025 토탈'!X26)+AA26 -> 0 | AH26: =COUNTIF(M$3:P$46,$X26) -> 1 | AI26: =COUNTIF(Q$3:T$46,$X26) -> 0 | AJ26: =AH26+AI26 -> 1
A27: K리그 | B27: 45885 | C27: 토 | D27: 25 | E27: 성남 | F27: 홈 | G27: 1 | H27: 2 | I27: 패 | M27: 정원진 | Q27: 김보섭 | U27: 9352 | V27: 오현진 | X27: 김건희 | Y27: =Z27+AA27 -> 37 | Z27: =COUNTIF('출전기록 (25)'!C$2:M$39,'2025 토탈'!X27) -> 37 | AA27: =COUNTIF('출전기록 (25)'!N$2:S$39,'2025 토탈'!X27) -> 0 | AB27: =COUNTIF($M$3:$P$40,$X27) -> 1 | AC27: =COUNTIF(Q$3:T$40,X27) -> 2 | AD27: =AB27+AC27 -> 3 | AE27: =AF27+AG27 -> 37 | AF27: =COUNTIF('출전기록 (25)'!W$2:AG$7,'2025 토탈'!X27)+Z27 -> 37 | AG27: =COUNTIF('출전기록 (25)'!AH$2:AL$7,'2025 토탈'!X27)+AA27 -> 0 | AH27: =COUNTIF(M$3:P$46,$X27) -> 1 | AI27: =COUNTIF(Q$3:T$46,$X27) -> 2 | AJ27: =AH27+AI27 -> 3
A28: K리그 | B28: 45893 | C28: 일 | D28: 26 | E28: 충북청주 | F28: 원정 | G28: 4 | H28: 0 | I28: 승 | M28: 제르소 | N28: 박호민 | O28: 제르소 | P28: 박승호 | R28: 제르소 | S28: 박승호 | T28: 신진호 | V28: 고민국 | X28: 델브리지 | Y28: =Z28+AA28 -> 15 | Z28: =COUNTIF('출전기록 (25)'!C$2:M$39,'2025 토탈'!X28) -> 4 | AA28: =COUNTIF('출전기록 (25)'!N$2:S$39,'2025 토탈'!X28) -> 11 | AB28: =COUNTIF($M$3:$P$40,$X28) -> 0 | AC28: =COUNTIF(Q$3:T$40,X28) -> 0 | AD28: =AB28+AC28 -> 0 | AE28: =AF28+AG28 -> 17 | AF28: =COUNTIF('출전기록 (25)'!W$2:AG$7,'2025 토탈'!X28)+Z28 -> 6 | AG28: =COUNTIF('출전기록 (25)'!AH$2:AL$7,'2025 토탈'!X28)+AA28 -> 11 | AH28: =COUNTIF(M$3:P$46,$X28) -> 0 | AI28: =COUNTIF(Q$3:T$46,$X28) -> 0 | AJ28: =AH28+AI28 -> 0
A29: K리그 | B29: 45899 | C29: 토 | D29: 27 | E29: 충남아산 | F29: 홈 | G29: 1 | H29: 1 | I29: 무 | M29: 이명주 | Q29: 이주용 | U29: 8441 | V29: 최광호 | X29: 이주용 | Y29: =Z29+AA29 -> 35 | Z29: =COUNTIF('출전기록 (25)'!C$2:M$39,'2025 토탈'!X29) -> 35 | AA29: =COUNTIF('출전기록 (25)'!N$2:S$39,'2025 토탈'!X29) -> 0 | AB29: =COUNTIF($M$3:$P$40,$X29) -> 0 | AC29: =COUNTIF(Q$3:T$40,X29) -> 5 | AD29: =AB29+AC29 -> 5 | AE29: =AF29+AG29 -> 35 | AF29: =COUNTIF('출전기록 (25)'!W$2:AG$7,'2025 토탈'!X29)+Z29 -> 35 | AG29: =COUNTIF('출전기록 (25)'!AH$2:AL$7,'2025 토탈'!X29)+AA29 -> 0 | AH29: =COUNTIF(M$3:P$46,$X29) -> 0 | AI29: =COUNTIF(Q$3:T$46,$X29) -> 5 | AJ29: =AH29+AI29 -> 5
A30: K리그 | B30: 45907 | C30: 일 | D30: 28 | E30: 부천 | F30: 원정 | G30: 0 | H30: 1 | I30: 패 | V30: 김종혁 | X30: 최승구 | Y30: =Z30+AA30 -> 21 | Z30: =COUNTIF('출전기록 (25)'!C$2:M$39,'2025 토탈'!X30) -> 15 | AA30: =COUNTIF('출전기록 (25)'!N$2:S$39,'2025 토탈'!X30) -> 6 | AB30: =COUNTIF($M$3:$P$40,$X30) -> 0 | AC30: =COUNTIF(Q$3:T$40,X30) -> 1 | AD30: =AB30+AC30 -> 1 | AE30: =AF30+AG30 -> 22 | AF30: =COUNTIF('출전기록 (25)'!W$2:AG$7,'2025 토탈'!X30)+Z30 -> 16 | AG30: =COUNTIF('출전기록 (25)'!AH$2:AL$7,'2025 토탈'!X30)+AA30 -> 6 | AH30: =COUNTIF(M$3:P$46,$X30) -> 0 | AI30: =COUNTIF(Q$3:T$46,$X30) -> 1 | AJ30: =AH30+AI30 -> 1
A31: K리그 | B31: 45913 | C31: 토 | D31: 29 | E31: 천안 | F31: 원정 | G31: 4 | H31: 3 | I31: 승 | M31: 박호민 | N31: 박호민 | O31: 신진호 | P31: 무고사 | Q31: 신진호 | S31: 제르소 | T31: 이주용 | V31: 정희수 | X31: 김명순 | Y31: =Z31+AA31 -> 24 | Z31: =COUNTIF('출전기록 (25)'!C$2:M$39,'2025 토탈'!X31) -> 21 | AA31: =COUNTIF('출전기록 (25)'!N$2:S$39,'2025 토탈'!X31) -> 3 | AB31: =COUNTIF($M$3:$P$40,$X31) -> 0 | AC31: =COUNTIF(Q$3:T$40,X31) -> 3 | AD31: =AB31+AC31 -> 3 | AE31: =AF31+AG31 -> 24 | AF31: =COUNTIF('출전기록 (25)'!W$2:AG$7,'2025 토탈'!X31)+Z31 -> 21 | AG31: =COUNTIF('출전기록 (25)'!AH$2:AL$7,'2025 토탈'!X31)+AA31 -> 3 | AH31: =COUNTIF(M$3:P$46,$X31) -> 0 | AI31: =COUNTIF(Q$3:T$46,$X31) -> 3 | AJ31: =AH31+AI31 -> 3
A32: K리그 | B32: 45920 | C32: 토 | D32: 30 | E32: 김포 | F32: 홈 | G32: 1 | H32: 2 | I32: 패 | M32: 무고사 | U32: 10328 | V32: 김희곤 | X32: 임형진 | Y32: =Z32+AA32 -> 3 | Z32: =COUNTIF('출전기록 (25)'!C$2:M$39,'2025 토탈'!X32) -> 1 | AA32: =COUNTIF('출전기록 (25)'!N$2:S$39,'2025 토탈'!X32) -> 2 | AB32: =COUNTIF($M$3:$P$40,$X32) -> 0 | AC32: =COUNTIF(Q$3:T$40,X32) -> 0 | AD32: =AB32+AC32 -> 0 | AE32: =AF32+AG32 -> 6 | AF32: =COUNTIF('출전기록 (25)'!W$2:AG$7,'2025 토탈'!X32)+Z32 -> 4 | AG32: =COUNTIF('출전기록 (25)'!AH$2:AL$7,'2025 토탈'!X32)+AA32 -> 2 | AH32: =COUNTIF(M$3:P$46,$X32) -> 0 | AI32: =COUNTIF(Q$3:T$46,$X32) -> 0 | AJ32: =AH32+AI32 -> 0
A33: K리그 | B33: 45928 | C33: 일 | D33: 31 | E33: 서울E | F33: 원정 | G33: 0 | H33: 0 | I33: 무 | V33: 정동식 | X33: 이상기 | Y33: =Z33+AA33 -> 15 | Z33: =COUNTIF('출전기록 (25)'!C$2:M$39,'2025 토탈'!X33) -> 5 | AA33: =COUNTIF('출전기록 (25)'!N$2:S$39,'2025 토탈'!X33) -> 10 | AB33: =COUNTIF($M$3:$P$40,$X33) -> 0 | AC33: =COUNTIF(Q$3:T$40,X33) -> 0 | AD33: =AB33+AC33 -> 0 | AE33: =AF33+AG33 -> 18 | AF33: =COUNTIF('출전기록 (25)'!W$2:AG$7,'2025 토탈'!X33)+Z33 -> 8 | AG33: =COUNTIF('출전기록 (25)'!AH$2:AL$7,'2025 토탈'!X33)+AA33 -> 10 | AH33: =COUNTIF(M$3:P$46,$X33) -> 0 | AI33: =COUNTIF(Q$3:T$46,$X33) -> 0 | AJ33: =AH33+AI33 -> 0
A34: K리그 | B34: 45934 | C34: 토 | D34: 32 | E34: 화성 | F34: 원정 | G34: 1 | H34: 0 | I34: 승 | M34: 박승호 | V34: 오현정 | X34: 민성준 | Y34: =Z34+AA34 -> 30 | Z34: =COUNTIF('출전기록 (25)'!C$2:M$39,'2025 토탈'!X34) -> 30 | AA34: =COUNTIF('출전기록 (25)'!N$2:S$39,'2025 토탈'!X34) -> 0 | AB34: =COUNTIF($M$3:$P$40,$X34) -> 0 | AC34: =COUNTIF(Q$3:T$40,X34) -> 0 | AD34: =AB34+AC34 -> 0 | AE34: =AF34+AG34 -> 30 | AF34: =COUNTIF('출전기록 (25)'!W$2:AG$7,'2025 토탈'!X34)+Z34 -> 30 | AG34: =COUNTIF('출전기록 (25)'!AH$2:AL$7,'2025 토탈'!X34)+AA34 -> 0 | AH34: =COUNTIF(M$3:P$46,$X34) -> 0 | AI34: =COUNTIF(Q$3:T$46,$X34) -> 0 | AJ34: =AH34+AI34 -> 0
A35: K리그 | B35: 45938 | C35: 수 | D35: 33 | E35: 수원 | F35: 홈 | G35: 1 | H35: 1 | I35: 무 | M35: 무고사 | Q35: 이명주 | U35: 18134 | V35: 송민석 | X35: 김동헌 | Y35: =Z35+AA35 -> 6 | Z35: =COUNTIF('출전기록 (25)'!C$2:M$39,'2025 토탈'!X35) -> 6 | AA35: =COUNTIF('출전기록 (25)'!N$2:S$39,'2025 토탈'!X35) -> 0 | AB35: =COUNTIF($M$3:$P$40,$X35) -> 0 | AC35: =COUNTIF(Q$3:T$40,X35) -> 0 | AD35: =AB35+AC35 -> 0 | AE35: =AF35+AG35 -> 6 | AF35: =COUNTIF('출전기록 (25)'!W$2:AG$7,'2025 토탈'!X35)+Z35 -> 6 | AG35: =COUNTIF('출전기록 (25)'!AH$2:AL$7,'2025 토탈'!X35)+AA35 -> 0 | AH35: =COUNTIF(M$3:P$46,$X35) -> 0 | AI35: =COUNTIF(Q$3:T$46,$X35) -> 0 | AJ35: =AH35+AI35 -> 0
A36: K리그 | B36: 45942 | C36: 일 | D36: 34 | E36: 성남 | F36: 원정 | G36: 2 | H36: 2 | I36: 무 | M36: 김건희 | N36: 박승호 | Q36: 이주용 | V36: 정동식 | X36: 이범수 | Y36: =Z36+AA36 -> 1 | Z36: =COUNTIF('출전기록 (25)'!C$2:M$39,'2025 토탈'!X36) -> 1 | AA36: =COUNTIF('출전기록 (25)'!N$2:S$39,'2025 토탈'!X36) -> 0 | AB36: =COUNTIF($M$3:$P$40,$X36) -> 0 | AC36: =COUNTIF(Q$3:T$40,X36) -> 0 | AD36: =AB36+AC36 -> 0 | AE36: =AF36+AG36 -> 1 | AF36: =COUNTIF('출전기록 (25)'!W$2:AG$7,'2025 토탈'!X36)+Z36 -> 1 | AG36: =COUNTIF('출전기록 (25)'!AH$2:AL$7,'2025 토탈'!X36)+AA36 -> 0 | AH36: =COUNTIF(M$3:P$46,$X36) -> 0 | AI36: =COUNTIF(Q$3:T$46,$X36) -> 0 | AJ36: =AH36+AI36 -> 0
A37: K리그 | B37: 45949 | C37: 일 | D37: 35 | E37: 안산 | F37: 원정 | G37: 1 | H37: 0 | I37: 승 | M37: 제르소 | Q37: 신진호 | V37: 고민국 | X37: 황성민 | Y37: =Z37+AA37 -> 0 | Z37: =COUNTIF('출전기록 (25)'!C$2:M$39,'2025 토탈'!X37) -> 0 | AA37: =COUNTIF('출전기록 (25)'!N$2:S$39,'2025 토탈'!X37) -> 0 | AB37: =COUNTIF($M$3:$P$40,$X37) -> 0 | AC37: =COUNTIF(Q$3:T$40,X37) -> 0 | AD37: =AB37+AC37 -> 0 | AE37: =AF37+AG37 -> 2 | AF37: =COUNTIF('출전기록 (25)'!W$2:AG$7,'2025 토탈'!X37)+Z37 -> 2 | AG37: =COUNTIF('출전기록 (25)'!AH$2:AL$7,'2025 토탈'!X37)+AA37 -> 0 | AH37: =COUNTIF(M$3:P$46,$X37) -> 0 | AI37: =COUNTIF(Q$3:T$46,$X37) -> 0 | AJ37: =AH37+AI37 -> 0
A38: K리그 | B38: 45956 | C38: 일 | D38: 36 | E38: 경남 | F38: 홈 | G38: 3 | H38: 0 | I38: 승 | M38: 제르소 | N38: 무고사 | O38: 바로우 | R38: 이명주 | U38: 11156 | V38: 김용우 | X38: 이상현 | Y38: =Z38+AA38 -> 0 | Z38: =COUNTIF('출전기록 (25)'!C$2:M$39,'2025 토탈'!X38) -> 0 | AA38: =COUNTIF('출전기록 (25)'!N$2:S$39,'2025 토탈'!X38) -> 0 | AB38: =COUNTIF($M$3:$P$40,$X38) -> 0 | AC38: =COUNTIF(Q$3:T$40,X38) -> 0 | AD38: =AB38+AC38 -> 0 | AE38: =AF38+AG38 -> 1 | AF38: =COUNTIF('출전기록 (25)'!W$2:AG$7,'2025 토탈'!X38)+Z38 -> 1 | AG38: =COUNTIF('출전기록 (25)'!AH$2:AL$7,'2025 토탈'!X38)+AA38 -> 0 | AH38: =COUNTIF(M$3:P$46,$X38) -> 0 | AI38: =COUNTIF(Q$3:T$46,$X38) -> 0 | AJ38: =AH38+AI38 -> 0
A39: K리그 | B39: 45963 | C39: 일 | D39: 37 | E39: 부산 | F39: 홈 | G39: 0 | H39: 0 | I39: 무 | U39: 7058 | V39: 최철준 | X39: 김세훈 | Y39: =Z39+AA39 -> 1 | Z39: =COUNTIF('출전기록 (25)'!C$2:M$39,'2025 토탈'!X39) -> 0 | AA39: =COUNTIF('출전기록 (25)'!N$2:S$39,'2025 토탈'!X39) -> 1 | AB39: =COUNTIF($M$3:$P$40,$X39) -> 0 | AC39: =COUNTIF(Q$3:T$40,X39) -> 0 | AD39: =AB39+AC39 -> 0 | AE39: =AF39+AG39 -> 4 | AF39: =COUNTIF('출전기록 (25)'!W$2:AG$7,'2025 토탈'!X39)+Z39 -> 1 | AG39: =COUNTIF('출전기록 (25)'!AH$2:AM$7,'2025 토탈'!X39)+AA39 -> 3 | AH39: =COUNTIF(M$3:P$46,$X39) -> 1 | AI39: =COUNTIF(Q$3:T$46,$X39) -> 0 | AJ39: =AH39+AI39 -> 1
A40: K리그 | B40: 45969 | C40: 토 | D40: 38 | E40: 전남 | F40: 원정 | G40: 1 | H40: 2 | I40: 패 | M40: 박호민 | Q40: 김보섭 | V40: 설태환 | X40: 박진홍 | Y40: =Z40+AA40 -> 0 | Z40: =COUNTIF('출전기록 (25)'!C$2:M$39,'2025 토탈'!X40) -> 0 | AA40: =COUNTIF('출전기록 (25)'!N$2:S$39,'2025 토탈'!X40) -> 0 | AB40: =COUNTIF($M$3:$P$40,$X40) -> 0 | AC40: =COUNTIF(Q$3:T$40,X40) -> 0 | AD40: =AB40+AC40 -> 0 | AE40: =AF40+AG40 -> 1 | AF40: =COUNTIF('출전기록 (25)'!W$2:AG$7,'2025 토탈'!X40)+Z40 -> 0 | AG40: =COUNTIF('출전기록 (25)'!AH$2:AM$7,'2025 토탈'!X40)+AA40 -> 1 | AH40: =COUNTIF(M$3:P$46,$X40) -> 0 | AI40: =COUNTIF(Q$3:T$46,$X40) -> 0 | AJ40: =AH40+AI40 -> 0
A41: K리그 | B41: 45984 | C41: 일 | D41: 39 | E41: 충북청주 | F41: 홈 | G41: 0 | H41: 1 | I41: 패 | U41: 12102 | V41: 오현정 | X41: 홍시후 | Y41: =Z41+AA41 -> 0 | Z41: =COUNTIF('출전기록 (25)'!C$2:M$39,'2025 토탈'!X41) -> 0 | AA41: =COUNTIF('출전기록 (25)'!N$2:S$39,'2025 토탈'!X41) -> 0 | AB41: =COUNTIF($M$3:$P$40,$X41) -> 0 | AC41: =COUNTIF(Q$3:T$40,X41) -> 0 | AD41: =AB41+AC41 -> 0 | AE41: =AF41+AG41 -> 3 | AF41: =COUNTIF('출전기록 (25)'!W$2:AG$7,'2025 토탈'!X41)+Z41 -> 0 | AG41: =COUNTIF('출전기록 (25)'!AH$2:AL$7,'2025 토탈'!X41)+AA41 -> 3 | AH41: =COUNTIF(M$3:P$46,$X41) -> 0 | AI41: =COUNTIF(Q$3:T$46,$X41) -> 1 | AJ41: =AH41+AI41 -> 1
A42: FA컵 | B42: 45739 | C42: 일 | D42: 2R | E42: 춘천시민 | F42: 홈 | G42: 3 | H42: 0 | I42: 승 | M42: 박호민 | N42: 박호민 | O42: 문지환 | Q42: 김민석 | R42: 김민석 | V42: 서동환 | X42: 민경현 | Y42: =Z42+AA42 -> 12 | Z42: =COUNTIF('출전기록 (25)'!C$2:M$39,'2025 토탈'!X42) -> 9 | AA42: =COUNTIF('출전기록 (25)'!N$2:S$39,'2025 토탈'!X42) -> 3 | AB42: =COUNTIF($M$3:$P$40,$X42) -> 0 | AC42: =COUNTIF(Q$3:T$40,X42) -> 0 | AD42: =AB42+AC42 -> 0 | AE42: =AF42+AG42 -> 13 | AF42: =COUNTIF('출전기록 (25)'!W$2:AG$7,'2025 토탈'!X42)+Z42 -> 10 | AG42: =COUNTIF('출전기록 (25)'!AH$2:AL$7,'2025 토탈'!X42)+AA42 -> 3 | AH42: =COUNTIF(M$3:P$46,$X42) -> 0 | AI42: =COUNTIF(Q$3:T$46,$X42) -> 0 | AJ42: =AH42+AI42 -> 0
A43: FA컵 | B43: 45763 | C43: 수 | D43: 3R | E43: 평창시민 | F43: 홈 | G43: 2 | H43: 1 | I43: 승 | M43: 김성민 | N43: 김세훈 | Q43: 김보섭 | R43: 홍시후 | U43: 2303 | V43: 현태양 | X43: 김동민 | Y43: =Z43+AA43 -> 0 | Z43: =COUNTIF('출전기록 (25)'!C$2:M$39,'2025 토탈'!X43) -> 0 | AA43: =COUNTIF('출전기록 (25)'!N$2:S$39,'2025 토탈'!X43) -> 0 | AB43: =COUNTIF($M$3:$P$40,$X43) -> 0 | AC43: =COUNTIF(Q$3:T$40,X43) -> 0 | AD43: =AB43+AC43 -> 0 | AE43: =AF43+AG43 -> 3 | AF43: =COUNTIF('출전기록 (25)'!W$2:AG$7,'2025 토탈'!X43)+Z43 -> 2 | AG43: =COUNTIF('출전기록 (25)'!AH$2:AL$7,'2025 토탈'!X43)+AA43 -> 1 | AH43: =COUNTIF(M$3:P$46,$X43) -> 0 | AI43: =COUNTIF(Q$3:T$46,$X43) -> 0 | AJ43: =AH43+AI43 -> 0
A44: FA컵 | B44: 45791 | C44: 수 | D44: 16강 | E44: 울산 | F44: 원정 | G44: 0 | H44: 3 | I44: 패 | V44: 박진호
A45: FA컵
A46: FA컵
N47: 2025시즌 | Q47: 2024시즌
M48: 대회 | N48: 경기수 | O48: 총관중수 | P48: 평균관중 | Q48: 경기수 | R48: 총관중수 | S48: 평균관중 | T48: 전년비
M49: K리그 | N49: =COUNT(U3:U41) -> 19 | O49: =SUMIFS(U3:U46,A3:A46,M49) -> 193302 | P49: =O49/N49 -> 10173.789 | Q49: 19 | R49: 208045 | S49: 10949.737 | T49: =(P49-S49)/S49 -> -0.070864476
M50: FA컵 | N50: =COUNT(U41:U45) -> 2 | O50: =SUMIFS(U3:U46,A3:A46,M50) -> 2303 | P50: =O50/N50 -> 1151.5 | Q50: 2 | R50: 4421 | S50: 2210.5 | T50: =(P50-S50)/S50 -> -0.47907713
M51: 총합 | N51: =SUM(N49:N50) -> 21 | O51: =SUM(O49:O50) -> 195605 | P51: =O51/N51 -> 9314.5238

Sheet 출전기록 (25)
A1: 리그 | B1: 상대팀 | C1: 선발 | D1: 선발 | E1: 선발 | F1: 선발 | G1: 선발 | H1: 선발 | I1: 선발 | J1: 선발 | K1: 선발 | L1: 선발 | M1: 선발 | N1: 교체 | O1: 교체 | P1: 교체 | Q1: 교체 | R1: 교체 | S1: 교체 | V1: FA컵 | W1: 선발 | X1: 선발 | Y1: 선발 | Z1: 선발 | AA1: 선발 | AB1: 선발 | AC1: 선발 | AD1: 선발 | AE1: 선발 | AF1: 선발 | AG1: 선발 | AH1: 교체 | AI1: 교체 | AJ1: 교체 | AK1: 교체 | AL1: 교체 | AM1: 교체
A2: 1R | B2: 경남 | C2: 민성준 | D2: 박경섭 | E2: 김건희 | F2: 이주용 | G2: 최승구 | H2: 이명주 | I2: 김도혁 | J2: 김보섭 | K2: 제르소 | L2: 박승호 | M2: 무고사 | N2: 민경현 | O2: 문지환 | P2: 바로우 | Q2: 김성민 | R2: 이동률 | V2: 2R | W2: 황성민 | X2: 김동민 | Y2: 임형진 | Z2: 이상기 | AA2: 강도욱 | AB2: 문지환 | AC2: 김도혁 | AD2: 서동한 | AE2: 김민석 | AF2: 백민규 | AG2: 박호민 | AH2: 홍시후 | AI2: 이가람 | AJ2: 김세훈 | AK2: 강민성 | AL2: 쇼타
A3: 2R | B3: 수원 | C3: 민성준 | D3: 박경섭 | E3: 김건희 | F3: 이주용 | G3: 최승구 | H3: 이명주 | I3: 문지환 | J3: 김보섭 | K3: 제르소 | L3: 박승호 | M3: 무고사 | N3: 델브리지 | O3: 민경현 | P3: 김도혁 | Q3: 바로우 | R3: 김성민 | V3: 3R | W3: 황성민 | X3: 김동민 | Y3: 임형진 | Z3: 이상기 | AA3: 델브리지 | AB3: 민경현 | AC3: 김도혁 | AD3: 김성민 | AE3: 김보섭 | AF3: 백민규 | AG3: 박호민 | AH3: 홍시후 | AI3: 이가람 | AJ3: 김세훈 | AK3: 박진홍 | AL3: 쇼타 | AM3: 서동한
A4: 3R | B4: 성남 | C4: 민성준 | D4: 박경섭 | E4: 김건희 | F4: 이주용 | G4: 최승구 | H4: 이명주 | I4: 김도혁 | J4: 김보섭 | K4: 제르소 | L4: 박승호 | M4: 무고사 | N4: 민경현 | O4: 바로우 | P4: 김성민 | Q4: 김세훈 | R4: 이동률 | V4: 16강 | W4: 이상현 | X4: 최승구 | Y4: 임형진 | Z4: 이상기 | AA4: 델브리지 | AB4: 문지환 | AC4: 김도혁 | AD4: 김세훈 | AE4: 김보섭 | AF4: 김민석 | AG4: 쇼타 | AH4: 김성민 | AI4: 김동민 | AJ4: 박호민 | AK4: 홍시후 | AL4: 백민규
A5: 4R | B5: 서울E | C5: 민성준 | D5: 박경섭 | E5: 김건희 | F5: 이주용 | G5: 최승구 | H5: 이명주 | I5: 민경현 | J5: 김보섭 | K5: 제르소 | L5: 김성민 | M5: 무고사 | N5: 김명순 | O5: 바로우 | P5: 박승호 | Q5: 이동률 | R5: 신진호 | V5: 8강
A6: 5R | B6: 부산 | C6: 민성준 | D6: 박경섭 | E6: 김건희 | F6: 이주용 | G6: 최승구 | H6: 이명주 | I6: 민경현 | J6: 김보섭 | K6: 제르소 | L6: 박승호 | M6: 이동률 | N6: 김명순 | O6: 바로우 | P6: 김민석 | Q6: 무고사 | R6: 신진호 | V6: 4강
A7: 6R | B7: 화성 | C7: 민성준 | D7: 박경섭 | E7: 김건희 | F7: 이주용 | G7: 김명순 | H7: 문지환 | I7: 민경현 | J7: 이동률 | K7: 바로우 | L7: 박승호 | M7: 무고사 | N7: 최승구 | O7: 제르소 | P7: 김민석 | Q7: 임형진 | R7: 신진호 | V7: 결승
A8: 7R | B8: 충북청주 | C8: 민성준 | D8: 박경섭 | E8: 김건희 | F8: 이주용 | G8: 최승구 | H8: 문지환 | I8: 이명주 | J8: 제르소 | K8: 바로우 | L8: 박승호 | M8: 무고사 | N8: 김명순 | O8: 이동률 | P8: 김민석 | Q8: 신진호 | R8: 델브리지
A9: 8R | B9: 천안 | C9: 민성준 | D9: 박경섭 | E9: 김건희 | F9: 이주용 | G9: 김명순 | H9: 문지환 | I9: 이명주 | J9: 제르소 | K9: 바로우 | L9: 박승호 | M9: 무고사 | N9: 최승구 | O9: 이동률 | P9: 김민석 | Q9: 신진호 | R9: 박호민
A10: 9R | B10: 부천 | C10: 민성준 | D10: 박경섭 | E10: 김건희 | F10: 이주용 | G10: 김명순 | H10: 민경현 | I10: 이명주 | J10: 제르소 | K10: 김민석 | L10: 박승호 | M10: 무고사 | N10: 최승구 | O10: 이동률 | P10: 문지환 | Q10: 박호민 | R10: 바로우
A11: 10R | B11: 김포 | C11: 민성준 | D11: 박경섭 | E11: 김건희 | F11: 이주용 | G11: 김명순 | H11: 민경현 | I11: 이명주 | J11: 제르소 | K11: 바로우 | L11: 박승호 | M11: 무고사 | N11: 김민석 | O11: 김성민 | P11: 문지환 | Q11: 박호민 | R11: 신진호
A12: 11R | B12: 충남아산 | C12: 민성준 | D12: 박경섭 | E12: 김건희 | F12: 이주용 | G12: 김명순 | H12: 민경현 | I12: 이명주 | J12: 제르소 | K12: 바로우 | L12: 박승호 | M12: 무고사 | N12: 김민석 | O12: 김성민 | P12: 문지환 | Q12: 박호민 | R12: 신진호
A13: 12R | B13: 안산 | C13: 민성준 | D13: 박경섭 | E13: 김건희 | F13: 이주용 | G13: 김명순 | H13: 민경현 | I13: 이명주 | J13: 제르소 | K13: 바로우 | L13: 박승호 | M13: 무고사 | N13: 김민석 | O13: 김성민 | P13: 문지환 | Q13: 델브리지 | R13: 신진호
A14: 13R | B14: 전남 | C14: 민성준 | D14: 박경섭 | E14: 김건희 | F14: 이주용 | G14: 김명순 | H14: 민경현 | I14: 이명주 | J14: 제르소 | K14: 바로우 | L14: 박승호 | M14: 무고사 | N14: 김민석 | O14: 김성민 | P14: 문지환 | Q14: 박호민 | R14: 신진호
A15: 14R | B15: 천안 | C15: 민성준 | D15: 박경섭 | E15: 김건희 | F15: 이주용 | G15: 김명순 | H15: 민경현 | I15: 이명주 | J15: 제르소 | K15: 바로우 | L15: 박승호 | M15: 무고사 | N15: 김민석 | O15: 김성민 | P15: 문지환 | Q15: 델브리지 | R15: 신진호
A16: 15R | B16: 부천 | C16: 민성준 | D16: 박경섭 | E16: 김건희 | F16: 이주용 | G16: 김명순 | H16: 문지환 | I16: 이명주 | J16: 제르소 | K16: 바로우 | L16: 박승호 | M16: 박호민 | N16: 이상기 | O16: 델브리지 | P16: 신진호 | Q16: 김보섭 | R16: 무고사
A17: 16R | B17: 수원 | C17: 민성준 | D17: 박경섭 | E17: 김건희 | F17: 이주용 | G17: 김명순 | H17: 문지환 | I17: 이명주 | J17: 제르소 | K17: 바로우 | L17: 박승호 | M17: 무고사 | N17: 이상기 | O17: 김성민 | P17: 신진호 | Q17: 김보섭 | R17: 박호민
A18: 17R | B18: 화성 | C18: 민성준 | D18: 박경섭 | E18: 김건희 | F18: 이주용 | G18: 김명순 | H18: 문지환 | I18: 최승구 | J18: 제르소 | K18: 바로우 | L18: 박승호 | M18: 무고사 | N18: 이상기 | O18: 김성민 | P18: 신진호 | Q18: 김보섭 | R18: 박호민
A19: 18R | B19: 김포 | C19: 김동헌 | D19: 박경섭 | E19: 김건희 | F19: 이주용 | G19: 김명순 | H19: 문지환 | I19: 이명주 | J19: 제르소 | K19: 김보섭 | L19: 박승호 | M19: 무고사 | N19: 이상기 | O19: 김성민 | P19: 김민석 | Q19: 최승구 | R19: 박호민
... A22: 21R | B22: 경남 | C22: 민성준 | D22: 김건웅 | E22: 김건희 | F22: 이상기 | G22: 김명순 | H22: 정원진 | I22: 이명주 | J22: 제르소 | K22: 바로우 | L22: 박승호 | M22: 무고사 | N22: 최승구 | O22: 김성민 | P22: 김민석 | Q22: 신진호 | R22: 박호민
A23: 22R | B23: 안산 | C23: 민성준 | D23: 김건웅 | E23: 김건희 | F23: 이주용 | G23: 김명순 | H23: 최승구 | I23: 이명주 | J23: 제르소 | K23: 김민석 | L23: 박승호 | M23: 신진호 | N23: 무고사 | O23: 바로우 | P23: 정원진 | Q23: 김성민
A24: 23R | B24: 서울E | C24: 김동헌 | D24: 델브리지 | E24: 김건희 | F24: 이주용 | G24: 김명순 | H24: 최승구 | I24: 이명주 | J24: 제르소 | K24: 바로우 | L24: 박승호 | M24: 신진호 | N24: 김민석 | O24: 김성민 | P24: 김보섭 | Q24: 정원진 | R24: 김건웅 | S24: 박호민
A25: 24R | B25: 부산 | C25: 김동헌 | D25: 델브리지 | E25: 김건희 | F25: 이주용 | G25: 김성민 | H25: 최승구 | I25: 이명주 | J25: 제르소 | K25: 바로우 | L25: 박승호 | M25: 박호민 | N25: 김보섭 | O25: 무고사 | P25: 신진호 | Q25: 김건웅 | R25: 김민석
A26: 25R | B26: 성남 | C26: 김동헌 | D26: 델브리지 | E26: 김건희 | F26: 이주용 | G26: 김성민 | H26: 최승구 | I26: 이명주 | J26: 제르소 | K26: 김민석 | L26: 박승호 | M26: 무고사 | N26: 김보섭 | O26: 정원진 | P26: 신진호 | Q26: 김건웅 | R26: 이상기
A27: 26R | B27: 충북청주 | C27: 민성준 | D27: 김건웅 | E27: 김건희 | F27: 이주용 | G27: 김명순 | H27: 정원진 | I27: 이명주 | J27: 제르소 | K27: 백민규 | L27: 박승호 | M27: 박호민 | N27: 무고사 | O27: 이상기 | P27: 김민석 | Q27: 델브리지 | R27: 신진호
A28: 27R | B28: 충남아산 | C28: 민성준 | D28: 김건웅 | E28: 김건희 | F28: 이주용 | G28: 김명순 | H28: 정원진 | I28: 이명주 | J28: 제르소 | K28: 백민규 | L28: 박승호 | M28: 박호민 | N28: 김성민 | O28: 최승구 | P28: 바로우 | Q28: 신진호 | R28: 무고사
A29: 28R | B29: 부천 | C29: 민성준 | D29: 김건웅 | E29: 김건희 | F29: 이주용 | G29: 김명순 | H29: 정원진 | I29: 이명주 | J29: 제르소 | K29: 바로우 | L29: 신진호 | M29: 박호민 | N29: 김보섭 | O29: 김도혁 | P29: 김민석 | Q29: 델브리지 | R29: 김성민
A30: 29R | B30: 천안 | C30: 민성준 | D30: 김건웅 | E30: 김건희 | F30: 이주용 | G30: 김명순 | H30: 정원진 | I30: 이명주 | J30: 제르소 | K30: 바로우 | L30: 신진호 | M30: 박호민 | N30: 무고사 | O30: 박승호 | P30: 이상기 | Q30: 김도혁 | R30: 김성민
A31: 30R | B31: 김포 | C31: 민성준 | D31: 델브리지 | E31: 김건희 | F31: 이주용 | G31: 이상기 | H31: 정원진 | I31: 김건웅 | J31: 제르소 | K31: 바로우 | L31: 박승호 | M31: 무고사 | N31: 신진호 | O31: 박호민 | P31: 김성민 | Q31: 김보섭 | R31: 임형진
A32: 31R | B32: 서울E | C32: 민성준 | D32: 김건웅 | E32: 김건희 | F32: 이주용 | G32: 이상기 | H32: 정원진 | I32: 이명주 | J32: 김보섭 | K32: 바로우 | L32: 박승호 | M32: 무고사 | N32: 강윤구 | O32: 김성민 | P32: 김민석 | Q32: 박호민
A33: 32R | B33: 화성 | C33: 민성준 | D33: 김건웅 | E33: 김건희 | F33: 이주용 | G33: 이상기 | H33: 정원진 | I33: 이명주 | J33: 제르소 | K33: 바로우 | L33: 박승호 | M33: 박호민 | N33: 델브리지 | O33: 김성민 | P33: 김민석 | Q33: 김보섭 | R33: 신진호
A34: 33R | B34: 수원 | C34: 민성준 | D34: 김건웅 | E34: 김건희 | F34: 이주용 | G34: 김성민 | H34: 정원진 | I34: 이명주 | J34: 제르소 | K34: 바로우 | L34: 박승호 | M34: 신진호 | N34: 무고사 | O34: 델브리지 | P34: 이상기 | Q34: 강윤구 | R34: 김보섭
A35: 34R | B35: 성남 | C35: 민성준 | D35: 김건웅 | E35: 김건희 | F35: 이주용 | G35: 김성민 | H35: 정원진 | I35: 이명주 | J35: 제르소 | K35: 김민석 | L35: 박승호 | M35: 박호민 | N35: 무고사 | O35: 신진호 | P35: 바로우 | Q35: 강윤구 | R35: 김도혁
A36: 35R | B36: 안산 | C36: 김동헌 | D36: 김건웅 | E36: 김건희 | F36: 이주용 | G36: 최승구 | H36: 정원진 | I36: 이명주 | J36: 제르소 | K36: 김성민 | L36: 박승호 | M36: 신진호 | N36: 무고사 | O36: 바로우 | P36: 이상기
A37: 36R | B37: 경남 | C37: 김동헌 | D37: 김건웅 | E37: 김건희 | F37: 이주용 | G37: 최승구 | H37: 정원진 | I37: 이명주 | J37: 제르소 | K37: 바로우 | L37: 박승호 | M37: 무고사 | N37: 김성민 | O37: 신진호 | P37: 델브리지 | Q37: 김보섭 | R37: 박호민
A38: 37R | B38: 부산 | C38: 이범수 | D38: 김건웅 | E38: 김건희 | F38: 이주용 | G38: 최승구 | H38: 정원진 | I38: 이명주 | J38: 백민규 | K38: 김성민 | L38: 박승호 | M38: 신진호 | N38: 델브리지 | O38: 무고사 | P38: 제르소 | Q38: 바로우 | R38: 박호민
A39: 38R | B39: 전남
A40: 39R | B40: 충북청주

Sheet 25스쿼드
B1: 2025 선수 명단
B2: GK | C2: CB | D2: SB | E2: MF | F2: WF | G2: CF
B3: 민성준 | C3: 김건웅 | D3: 이상기 | E3: 이명주 | F3: 제르소 | G3: 무고사 | H3: 선발
B4: 김동헌 | C4: 김건희 | D4: 김명순 | E4: 정원진 | F4: 바로우 | G4: 박승호 | H4: 교체
B5: 이범수 | C5: 임형진 | D5: 김성민 | E5: 신진호 | F5: 김민석 | G5: 박호민
B6: 황성민 | C6: 박경섭+ | D6: 이주용+ | E6: 최승구 | F6: 서동한 | G6: 쇼타
B7: 이상헌 | C7: 델브리지+ | E7: 김도혁 | F7: 성힘찬 | G7: 강민성
E8: 이가람 | G8: 백민규
E9: 강도욱 | G9: 이동률+
E10: 김현서
E11: 문지환+
B12: 임대/군입대
B13: 이태희 | C13: 강윤구 | D13: 김연수 | E13: 민경현 | F13: 김동민 | G13: 홍시후

Sheet Sheet2
B2: 승점 | C2: 팀명 | D2: 팀명
B3: 44 | C3: 인천
B4: 43
B5: 42
B6: 41
B7: 40
B8: 39
B9: 38
B10: 37
B11: 36
B12: 35
B13: 34 | C13: 수원
B14: 33
B15: 32
B16: 31
B17: 30 | C17: 전남
B18: 29 | C18: 부산
B19: 28 | C19: 서울E | D19: 부천
B20: 27
B21: 26
B22: 25
B23: 24 | C23: 충남아산
B24: 23
B25: 22
B26: 21 | C26: 성남
B27: 20 | C27: 김포
B28: 19
B29: 18
B30: 17 | C30: 경남
B31: 16 | C31: 안산
B32: 15
B33: 14
B34: 13 | C34: 충북청주 | D34: 화성
B35: 12
B36: 11 | C36: 천안

Sheet 2024 토탈
Y1: 리그 | AB1: 리그 | AE1: 시즌
A2: 대회 | B2: 일자 | C2: 라운드 | D2: 상대팀 | E2: 홈/원정 | F2: 득점 | G2: 실점 | H2: 결과 | I2: 중계채널 | J2: 해설 | K2: 캐스터 | L2: 득점1 | M2: 득점2 | N2: 득점3 | O2: 득점4 | P2: 득점5 | Q2: 도움1 | R2: 도움2 | S2: 도움3 | T2: 도움4 | U2: 도움5 | V2: 홈 관중 | X2: 이름 | Y2: 출전 | Z2: 선발 | AA2: 교체 | AB2: 득점 | AC2: 도움 | AD2: 합계 | AE2: 득점 | AF2: 도움 | AG2: 합계 | AJ2: 중계채널 | AK2: 경기 | AL2: 승 | AM2: 무 | AN2: 패 | AO2: 승점 | AP2: 승률 | AQ2: 평균승점 | AX2: 해설자 | AY2: 경기 | AZ2: 승 | BA2: 무 | BB2: 패 | BC2: 승점 | BD2: 승률 | BE2: 평균승점
A3: K리그 | B3: 45353 | C3: 1 | D3: 수F | E3: 홈 | F3: 0 | G3: 1 | H3: 패 | I3: jtbc | J3: 차상엽 | K3: 임경진 | V3: 15060 | X3: 무고사 | Y3: =Z3+AA3 -> 35 | Z3: =COUNTIF(출전기록!B$2:L$39,'2024 토탈'!X3) -> 28 | AA3: =COUNTIF(출전기록!M$2:Q$39,'2024 토탈'!X3) -> 7 | AB3: =COUNTIF($L$3:$P$40,$X3) -> 15 | AC3: =COUNTIF(Q$3:U$40,X3) -> 1 | AD3: =AB3+AC3 -> 16 | AE3: =COUNTIF(L$3:P$46,$X3) -> 15 | AF3: =COUNTIF(Q$3:U$46,$X3) -> 1 | AG3: =AE3+AF3 -> 16 | AJ3: JTBC | AK3: =SUM(AL3:AN3) -> 10 | AL3: =COUNTIFS(I:I,AJ3,H:H,AL$2) -> 3 | AM3: =COUNTIFS(I:I,AJ3,H:H,AM$2) -> 5 | AN3: =COUNTIFS(I:I,AJ3,H:H,AN$2) -> 2 | AO3: =AL3*3+AM3 -> 14 | AP3: =AL3/AK3 -> 0.3 | AQ3: =AO3/AK3 -> 1.4 | AX3: 강성주 | AY3: =SUM(AZ3:BB3) -> 5 | AZ3: =COUNTIFS(J:J,AX3,H:H,AZ$2) -> 2 | BA3: =COUNTIFS(J:J,AX3,H:H,BA$2) -> 2 | BB3: =COUNTIFS(J:J,AX3,H:H,BB$2) -> 1 | BC3: =AZ3*3+BA3 -> 8 | BD3: =AZ3/AY3 -> 0.4 | BE3: =BC3/AY3 -> 1.6
A4: K리그 | B4: 45361 | C4: 2 | D4: 서울 | E4: 원정 | F4: 0 | G4: 0 | H4: 무 | I4: 스카이 | J4: 이상윤 | K4: 소준일 | X4: 제르소 | Y4: =Z4+AA4 -> 24 | Z4: =COUNTIF(출전기록!B$2:L$39,'2024 토탈'!X4) -> 15 | AA4: =COUNTIF(출전기록!M$2:Q$39,'2024 토탈'!X4) -> 9 | AB4: =COUNTIF($L$3:$P$40,$X4) -> 7 | AC4: =COUNTIF(Q$3:U$40,X4) -> 4 | AD4: =AB4+AC4 -> 11 | AE4: =COUNTIF(L$3:P$46,$X4) -> 7 | AF4: =COUNTIF(Q$3:U$46,$X4) -> 5 | AG4: =AE4+AF4 -> 12 | AJ4: 스카이 | AK4: =SUM(AL4:AN4) -> 17 | AL4: =COUNTIFS(I:I,AJ4,H:H,AL$2) -> 4 | AM4: =COUNTIFS(I:I,AJ4,H:H,AM$2) -> 5 | AN4: =COUNTIFS(I:I,AJ4,H:H,AN$2) -> 8 | AO4: =AL4*3+AM4 -> 17 | AP4: =AL4/AK4 -> 0.23529412 | AQ4: =AO4/AK4 -> 1 | AX4: 김환 | AY4: =SUM(AZ4:BB4) -> 6 | AZ4: =COUNTIFS(J:J,AX4,H:H,AZ$2) -> 1 | BA4: =COUNTIFS(J:J,AX4,H:H,BA$2) -> 4 | BB4: =COUNTIFS(J:J,AX4,H:H,BB$2) -> 1 | BC4: =AZ4*3+BA4 -> 7 | BD4: =AZ4/AY4 -> 0.16666667 | BE4: =BC4/AY4 -> 1.1666667
A5: K리그 | B5: 45368 | C5: 3 | D5: 울산 | E5: 원정 | F5: 3 | G5: 3 | H5: 무 | I5: jtbc | J5: 김환 | K5: 임경진 | L5: 무고사 | M5: 박승호 | N5: 무고사 | Q5: 제르소 | X5: 박승호 | Y5: =Z5+AA5 -> 24 | Z5: =COUNTIF(출전기록!B$2:L$39,'2024 토탈'!X5) -> 19 | AA5: =COUNTIF(출전기록!M$2:Q$39,'2024 토탈'!X5) -> 5 | AB5: =COUNTIF($L$3:$P$40,$X5) -> 2 | AC5: =COUNTIF(Q$3:U$40,X5) -> 2 | AD5: =AB5+AC5 -> 4 | AE5: =COUNTIF(L$3:P$46,$X5) -> 2 | AF5: =COUNTIF(Q$3:U$46,$X5) -> 2 | AG5: =AE5+AF5 -> 4 | AJ5: IB | AK5: =SUM(AL5:AN5) -> 4 | AL5: =COUNTIFS(I:I,AJ5,H:H,AL$2) -> 1 | AM5: =COUNTIFS(I:I,AJ5,H:H,AM$2) -> 2 | AN5: =COUNTIFS(I:I,AJ5,H:H,AN$2) -> 1 | AO5: =AL5*3+AM5 -> 5 | AP5: =AL5/AK5 -> 0.25 | AQ5: =AO5/AK5 -> 1.25 | AX5: 박문성 | AY5: =SUM(AZ5:BB5) -> 6 | AZ5: =COUNTIFS(J:J,AX5,H:H,AZ$2) -> 2 | BA5: =COUNTIFS(J:J,AX5,H:H,BA$2) -> 1 | BB5: =COUNTIFS(J:J,AX5,H:H,BB$2) -> 3 | BC5: =AZ5*3+BA5 -> 7 | BD5: =AZ5/AY5 -> 0.33333333 | BE5: =BC5/AY5 -> 1.1666667
A6: K리그 | B6: 45381 | C6: 4 | D6: 대전 | E6: 홈 | F6: 2 | G6: 0 | H6: 승 | I6: jtbc | J6: 차상엽 | K6: 임경진 | L6: 제르소 | M6: 자책골 | Q6: 박승호 | V6: 11581 | X6: 김보섭 | Y6: =Z6+AA6 -> 21 | Z6: =COUNTIF(출전기록!B$2:L$39,'2024 토탈'!X6) -> 7 | AA6: =COUNTIF(출전기록!M$2:Q$39,'2024 토탈'!X6) -> 14 | AB6: =COUNTIF($L$3:$P$40,$X6) -> 1 | AC6: =COUNTIF(Q$3:U$40,X6) -> 3 | AD6: =AB6+AC6 -> 4 | AE6: =COUNTIF(L$3:P$46,$X6) -> 1 | AF6: =COUNTIF(Q$3:U$46,$X6) -> 3 | AG6: =AE6+AF6 -> 4 | AJ6: maxports | AK6: =SUM(AL6:AN6) -> 4 | AL6: =COUNTIFS(I:I,AJ6,H:H,AL$2) -> 0 | AM6: =COUNTIFS(I:I,AJ6,H:H,AM$2) -> 0 | AN6: =COUNTIFS(I:I,AJ6,H:H,AN$2) -> 4 | AO6: =AL6*3+AM6 -> 0 | AP6: =AL6/AK6 -> 0 | AQ6: =AO6/AK6 -> 0 | AX6: 이상윤 | AY6: =SUM(AZ6:BB6) -> 5 | AZ6: =COUNTIFS(J:J,AX6,H:H,AZ$2) -> 0 | BA6: =COUNTIFS(J:J,AX6,H:H,BA$2) -> 2 | BB6: =COUNTIFS(J:J,AX6,H:H,BB$2) -> 3 | BC6: =AZ6*3+BA6 -> 2 | BD6: =AZ6/AY6 -> 0 | BE6: =BC6/AY6 -> 0.4
A7: K리그 | B7: 45385 | C7: 5 | D7: 광주 | E7: 원정 | F7: 3 | G7: 2 | H7: 승 | I7: ib | J7: 강성주 | K7: 김태우 | L7: 박승호 | M7: 무고사 | N7: 제르소 | R7: 홍시후 | X7: 송시우 | Y7: =Z7+AA7 -> 2 | Z7: =COUNTIF(출전기록!B$2:L$39,'2024 토탈'!X7) -> 1 | AA7: =COUNTIF(출전기록!M$2:Q$39,'2024 토탈'!X7) -> 1 | AB7: =COUNTIF($L$3:$P$40,$X7) -> 0 | AC7: =COUNTIF(Q$3:U$40,X7) -> 0 | AD7: =AB7+AC7 -> 0 | AE7: =COUNTIF(L$3:P$46,$X7) -> 0 | AF7: =COUNTIF(Q$3:U$46,$X7) -> 0 | AG7: =AE7+AF7 -> 0 | AI7: 홈/원정 | AJ7: 중계채널 | AK7: 경기 | AL7: 승 | AM7: 무 | AN7: 패 | AO7: 승점 | AP7: 승률 | AQ7: 평균승점 | AX7: 차상엽 | AY7: =SUM(AZ7:BB7) -> 4 | AZ7: =COUNTIFS(J:J,AX7,H:H,AZ$2) -> 2 | BA7: =COUNTIFS(J:J,AX7,H:H,BA$2) -> 1 | BB7: =COUNTIFS(J:J,AX7,H:H,BB$2) -> 1 | BC7: =AZ7*3+BA7 -> 7 | BD7: =AZ7/AY7 -> 0.5 | BE7: =BC7/AY7 -> 1.75
A8: K리그 | B8: 45388 | C8: 6 | D8: 제주 | E8: 홈 | F8: 0 | G8: 1 | H8: 패 | I8: 스카이 | J8: 이황재 | K8: 박봉서 | V8: 9293 | X8: 지언학 | Y8: =Z8+AA8 -> 5 | Z8: =COUNTIF(출전기록!B$2:L$39,'2024 토탈'!X8) -> 0 | AA8: =COUNTIF(출전기록!M$2:Q$39,'2024 토탈'!X8) -> 5 | AB8: =COUNTIF($L$3:$P$40,$X8) -> 1 | AC8: =COUNTIF(Q$3:U$40,X8) -> 0 | AD8: =AB8+AC8 -> 1 | AE8: =COUNTIF(L$3:P$46,$X8) -> 1 | AF8: =COUNTIF(Q$3:U$46,$X8) -> 0 | AG8: =AE8+AF8 -> 1 | AI8: 홈 | AJ8: JTBC | AK8: =SUM(AL8:AN8) -> 5 | AL8: =COUNTIFS(E:E,AI8,I:I,AJ8,H:H,AL$7) -> 2 | AM8: =COUNTIFS(E:E,AI8,I:I,AJ8,H:H,AM$7) -> 1 | AN8: =COUNTIFS(E:E,AI8,I:I,AJ8,H:H,AN$7) -> 2 | AO8: =AL8*3+AM8 -> 7 | AP8: =AL8/AK8 -> 0.4 | AQ8: =AO8/AK8 -> 1.4 | AX8: 이황재 | AY8: =SUM(AZ8:BB8) -> 9 | AZ8: =COUNTIFS(J:J,AX8,H:H,AZ$2) -> 0 | BA8: =COUNTIFS(J:J,AX8,H:H,BA$2) -> 2 | BB8: =COUNTIFS(J:J,AX8,H:H,BB$2) -> 7 | BC8: =AZ8*3+BA8 -> 2 | BD8: =AZ8/AY8 -> 0 | BE8: =BC8/AY8 -> 0.22222222
A9: K리그 | B9: 45396 | C9: 7 | D9: 대구 | E9: 홈 | F9: 1 | G9: 1 | H9: 무 | I9: 스카이 | J9: 이상윤 | K9: 소준일 | L9: 김동민 | V9: 9400 | X9: 김민석 | Y9: =Z9+AA9 -> 4 | Z9: =COUNTIF(출전기록!B$2:L$39,'2024 토탈'!X9) -> 3 | AA9: =COUNTIF(출전기록!M$2:Q$39,'2024 토탈'!X9) -> 1 | AB9: =COUNTIF($L$3:$P$40,$X9) -> 0 | AC9: =COUNTIF(Q$3:U$40,X9) -> 0 | AD9: =AB9+AC9 -> 0 | AE9: =COUNTIF(L$3:P$46,$X9) -> 0 | AF9: =COUNTIF(Q$3:U$46,$X9) -> 0 | AG9: =AE9+AF9 -> 0 | AI9: 홈 | AJ9: 스카이 | AK9: =SUM(AL9:AN9) -> 6 | AL9: =COUNTIFS(E:E,AI9,I:I,AJ9,H:H,AL$7) -> 1 | AM9: =COUNTIFS(E:E,AI9,I:I,AJ9,H:H,AM$7) -> 2 | AN9: =COUNTIFS(E:E,AI9,I:I,AJ9,H:H,AN$7) -> 3 | AO9: =AL9*3+AM9 -> 5 | AP9: =AL9/AK9 -> 0.16666667 | AQ9: =AO9/AK9 -> 0.83333333 | AX9: 현영민 | AY9: =SUM(AZ9:BB9) -> 1 | AZ9: =COUNTIFS(J:J,AX9,H:H,AZ$2) -> 1 | BA9: =COUNTIFS(J:J,AX9,H:H,BA$2) -> 0 | BB9: =COUNTIFS(J:J,AX9,H:H,BB$2) -> 0 | BC9: =AZ9*3+BA9 -> 3 | BD9: =AZ9/AY9 -> 1 | BE9: =BC9/AY9 -> 3
A10: K리그 | B10: 45403 | C10: 8 | D10: 강원 | E10: 원정 | F10: 1 | G10: 4 | H10: 패 | I10: 스카이 | J10: 박문성 | K10: 박봉서 | L10: 무고사 | Q10: 제르소 | X10: 백민규 | Y10: =Z10+AA10 -> 6 | Z10: =COUNTIF(출전기록!B$2:L$39,'2024 토탈'!X10) -> 3 | AA10: =COUNTIF(출전기록!M$2:Q$39,'2024 토탈'!X10) -> 3 | AB10: =COUNTIF($L$3:$P$40,$X10) -> 0 | AC10: =COUNTIF(Q$3:U$40,X10) -> 0 | AD10: =AB10+AC10 -> 0 | AE10: =COUNTIF(L$3:P$46,$X10) -> 0 | AF10: =COUNTIF(Q$3:U$46,$X10) -> 0 | AG10: =AE10+AF10 -> 0 | AI10: 홈 | AJ10: IB | AK10: =SUM(AL10:AN10) -> 3 | AL10: =COUNTIFS(E:E,AI10,I:I,AJ10,H:H,AL$7) -> 0 | AM10: =COUNTIFS(E:E,AI10,I:I,AJ10,H:H,AM$7) -> 2 | AN10: =COUNTIFS(E:E,AI10,I:I,AJ10,H:H,AN$7) -> 1 | AO10: =AL10*3+AM10 -> 2 | AP10: =AL10/AK10 -> 0 | AQ10: =AO10/AK10 -> 0.66666667
A11: K리그 | B11: 45410 | C11: 9 | D11: 포항 | E11: 원정 | F11: 0 | G11: 0 | H11: 무 | I11: 스카이 | J11: 이황재 | K11: 박봉서 | X11: 이종욱 | Y11: =Z11+AA11 -> 2 | Z11: =COUNTIF(출전기록!B$2:L$39,'2024 토탈'!X11) -> 2 | AA11: =COUNTIF(출전기록!M$2:Q$39,'2024 토탈'!X11) -> 0 | AB11: =COUNTIF($L$3:$P$40,$X11) -> 0 | AC11: =COUNTIF(Q$3:U$40,X11) -> 0 | AD11: =AB11+AC11 -> 0 | AE11: =COUNTIF(L$3:P$46,$X11) -> 0 | AF11: =COUNTIF(Q$3:U$46,$X11) -> 0 | AG11: =AE11+AF11 -> 0 | AI11: 홈 | AJ11: maxports | AK11: =SUM(AL11:AN11) -> 4 | AL11: =COUNTIFS(E:E,AI11,I:I,AJ11,H:H,AL$7) -> 0 | AM11: =COUNTIFS(E:E,AI11,I:I,AJ11,H:H,AM$7) -> 0 | AN11: =COUNTIFS(E:E,AI11,I:I,AJ11,H:H,AN$7) -> 4 | AO11: =AL11*3+AM11 -> 0 | AP11: =AL11/AK11 -> 0 | AQ11: =AO11/AK11 -> 0
A12: K리그 | B12: 45413 | C12: 10 | D12: 전북 | E12: 홈 | F12: 3 | G12: 0 | H12: 승 | I12: jtbc | J12: 김환 | K12: 임경진 | L12: 델브리지 | M12: 김도혁 | N12: 무고사 | Q12: 최우진 | R12: 제르소 | S12: 제르소 | V12: 10094 | X12: 김세훈 | Y12: =Z12+AA12 -> 2 | Z12: =COUNTIF(출전기록!B$2:L$39,'2024 토탈'!X12) -> 0 | AA12: =COUNTIF(출전기록!M$2:Q$39,'2024 토탈'!X12) -> 2 | AB12: =COUNTIF($L$3:$P$40,$X12) -> 0 | AC12: =COUNTIF(Q$3:U$40,X12) -> 0 | AD12: =AB12+AC12 -> 0 | AE12: =COUNTIF(L$3:P$46,$X12) -> 0 | AF12: =COUNTIF(Q$3:U$46,$X12) -> 0 | AG12: =AE12+AF12 -> 0 | AI12: 홈/원정 | AJ12: 중계채널 | AK12: 경기 | AL12: 승 | AM12: 무 | AN12: 패 | AO12: 승점 | AP12: 승률 | AQ12: 평균승점 | AX12: 캐스터 | AY12: 경기 | AZ12: 승 | BA12: 무 | BB12: 패 | BC12: 승점 | BD12: 승률 | BE12: 평균승점
A13: K리그 | B13: 45417 | C13: 11 | D13: 김천 | E13: 원정 | F13: 2 | G13: 2 | H13: 무 | I13: jtbc | J13: 김환 | K13: 임경진 | L13: 무고사 | M13: 제르소 | R13: 김건희 | X13: 하동선 | Y13: =Z13+AA13 -> 0 | Z13: =COUNTIF(출전기록!B$2:L$39,'2024 토탈'!X13) -> 0 | AA13: =COUNTIF(출전기록!M$2:Q$39,'2024 토탈'!X13) -> 0 | AB13: =COUNTIF($L$3:$P$40,$X13) -> 0 | AC13: =COUNTIF(Q$3:U$40,X13) -> 0 | AD13: =AB13+AC13 -> 0 | AE13: =COUNTIF(L$3:P$46,$X13) -> 0 | AF13: =COUNTIF(Q$3:U$46,$X13) -> 0 | AG13: =AE13+AF13 -> 0 | AI13: 원정 | AJ13: JTBC | AK13: =SUM(AL13:AN13) -> 5 | AL13: =COUNTIFS(E:E,AI13,I:I,AJ13,H:H,AL$12) -> 1 | AM13: =COUNTIFS(E:E,AI13,I:I,AJ13,H:H,AM$12) -> 4 | AN13: =COUNTIFS(E:E,AI13,I:I,AJ13,H:H,AN$12) -> 0 | AO13: =AL13*3+AM13 -> 7 | AP13: =AL13/AK13 -> 0.2 | AQ13: =AO13/AK13 -> 1.4 | AX13: 김태우 | AY13: =SUM(AZ13:BB13) -> 4 | AZ13: =COUNTIFS(K:K,AX13,H:H,AZ$12) -> 2 | BA13: =COUNTIFS(K:K,AX13,H:H,BA$12) -> 2 | BB13: =COUNTIFS(K:K,AX13,H:H,BB$12) -> 0 | BC13: =AZ13*3+BA13 -> 8 | BD13: =AZ13/AY13 -> 0.5 | BE13: =BC13/AY13 -> 2
A14: K리그 | B14: 45423 | C14: 12 | D14: 서울 | E14: 홈 | F14: 1 | G14: 2 | H14: 패 | I14: 스카이 | J14: 박문성 | K14: 배성재 | L14: 무고사 | Q14: 최우진 | V14: 14435 | X14: 천성훈 | Y14: =Z14+AA14 -> 10 | Z14: =COUNTIF(출전기록!B$2:L$39,'2024 토탈'!X14) -> 4 | AA14: =COUNTIF(출전기록!M$2:Q$39,'2024 토탈'!X14) -> 6 | AB14: =COUNTIF($L$3:$P$40,$X14) -> 0 | AC14: =COUNTIF(Q$3:U$40,X14) -> 0 | AD14: =AB14+AC14 -> 0 | AE14: =COUNTIF(L$3:P$46,$X14) -> 1 | AF14: =COUNTIF(Q$3:U$46,$X14) -> 0 | AG14: =AE14+AF14 -> 1 | AI14: 원정 | AJ14: 스카이 | AK14: =SUM(AL14:AN14) -> 11 | AL14: =COUNTIFS(E:E,AI14,I:I,AJ14,H:H,AL$12) -> 3 | AM14: =COUNTIFS(E:E,AI14,I:I,AJ14,H:H,AM$12) -> 3 | AN14: =COUNTIFS(E:E,AI14,I:I,AJ14,H:H,AN$12) -> 5 | AO14: =AL14*3+AM14 -> 12 | AP14: =AL14/AK14 -> 0.27272727 | AQ14: =AO14/AK14 -> 1.0909091 | AX14: 박봉서 | AY14: =SUM(AZ14:BB14) -> 12 | AZ14: =COUNTIFS(K:K,AX14,H:H,AZ$12) -> 1 | BA14: =COUNTIFS(K:K,AX14,H:H,BA$12) -> 2 | BB14: =COUNTIFS(K:K,AX14,H:H,BB$12) -> 9 | BC14: =AZ14*3+BA14 -> 5 | BD14: =AZ14/AY14 -> 0.083333333 | BE14: =BC14/AY14 -> 0.41666667
A15: K리그 | B15: 45430 | C15: 13 | D15: 대전 | E15: 원정 | F15: 1 | G15: 0 | H15: 승 | I15: 스카이 | J15: 박문성 | K15: 소준일 | L15: 문지환 | Q15: 최우진 | X15: 음포쿠 | Y15: =Z15+AA15 -> 27 | Z15: =COUNTIF(출전기록!B$2:L$39,'2024 토탈'!X15) -> 15 | AA15: =COUNTIF(출전기록!M$2:Q$39,'2024 토탈'!X15) -> 12 | AB15: =COUNTIF($L$3:$P$40,$X15) -> 1 | AC15: =COUNTIF(Q$3:U$40,X15) -> 0 | AD15: =AB15+AC15 -> 1 | AE15: =COUNTIF(L$3:P$46,$X15) -> 1 | AF15: =COUNTIF(Q$3:U$46,$X15) -> 0 | AG15: =AE15+AF15 -> 1 | AI15: 원정 | AJ15: IB | AK15: =SUM(AL15:AN15) -> 1 | AL15: =COUNTIFS(E:E,AI15,I:I,AJ15,H:H,AL$12) -> 1 | AM15: =COUNTIFS(E:E,AI15,I:I,AJ15,H:H,AM$12) -> 0 | AN15: =COUNTIFS(E:E,AI15,I:I,AJ15,H:H,AN$12) -> 0 | AO15: =AL15*3+AM15 -> 3 | AP15: =AL15/AK15 -> 1 | AQ15: =AO15/AK15 -> 3 | AX15: 배성재 | AY15: =SUM(AZ15:BB15) -> 2 | AZ15: =COUNTIFS(K:K,AX15,H:H,AZ12) -> 0 | BA15: =COUNTIFS(K:K,AX15,H:H,BA12) -> 1 | BB15: =COUNTIFS(K:K,AX15,H:H,BB12) -> 1 | BC15: =AZ15*3+BA15 -> 1 | BD15: =AZ15/AY15 -> 0 | BE15: =BC15/AY15 -> 0.5
A16: K리그 | B16: 45437 | C16: 14 | D16: 광주 | E16: 홈 | F16: 1 | G16: 1 | H16: 무 | I16: ib | J16: 강성주 | K16: 김태우 | L16: 무고사 | V16: 9107 | X16: 이명주 | Y16: =Z16+AA16 -> 24 | Z16: =COUNTIF(출전기록!B$2:L$39,'2024 토탈'!X16) -> 22 | AA16: =COUNTIF(출전기록!M$2:Q$39,'2024 토탈'!X16) -> 2 | AB16: =COUNTIF($L$3:$P$40,$X16) -> 0 | AC16: =COUNTIF(Q$3:U$40,X16) -> 1 | AD16: =AB16+AC16 -> 1 | AE16: =COUNTIF(L$3:P$46,$X16) -> 0 | AF16: =COUNTIF(Q$3:U$46,$X16) -> 1 | AG16: =AE16+AF16 -> 1 | AI16: 원정 | AJ16: maxports | AK16: =SUM(AL16:AN16) -> 0 | AL16: =COUNTIFS(E:E,AI16,I:I,AJ16,H:H,AL$12) -> 0 | AM16: =COUNTIFS(E:E,AI16,I:I,AJ16,H:H,AM$12) -> 0 | AN16: =COUNTIFS(E:E,AI16,I:I,AJ16,H:H,AN$12) -> 0 | AO16: =AL16*3+AM16 -> 0 | AP16: =AL16/AK16 -> #DIV/0! | AQ16: =AO16/AK16 -> #DIV/0! | AX16: 소준일 | AY16: =SUM(AZ16:BB16) -> 7 | AZ16: =COUNTIFS(K:K,AX16,H:H,AZ12) -> 2 | BA16: =COUNTIFS(K:K,AX16,H:H,BA12) -> 2 | BB16: =COUNTIFS(K:K,AX16,H:H,BB12) -> 3 | BC16: =AZ16*3+BA16 -> 8 | BD16: =AZ16/AY16 -> 0.28571429 | BE16: =BC16/AY16 -> 1.1428571
A17: K리그 | B17: 45441 | C17: 15 | D17: 울산 | E17: 홈 | F17: 1 | G17: 1 | H17: 무 | I17: jtbc | J17: 김환 | K17: 임경진 | L17: 음포쿠 | V17: 8413 | X17: 문지환 | Y17: =Z17+AA17 -> 20 | Z17: =COUNTIF(출전기록!B$2:L$39,'2024 토탈'!X17) -> 11 | AA17: =COUNTIF(출전기록!M$2:Q$39,'2024 토탈'!X17) -> 9 | AB17: =COUNTIF($L$3:$P$40,$X17) -> 1 | AC17: =COUNTIF(Q$3:U$40,X17) -> 1 | AD17: =AB17+AC17 -> 2 | AE17: =COUNTIF(L$3:P$46,$X17) -> 1 | AF17: =COUNTIF(Q$3:U$46,$X17) -> 1 | AG17: =AE17+AF17 -> 2 | AX17: 임경진 | AY17: =SUM(AZ17:BB17) -> 10 | AZ17: =COUNTIFS(K:K,AX17,H:H,$AZ$12) -> 3 | BA17: =COUNTIFS(K:K,AX17,H:H,$BA$12) -> 5 | BB17: =COUNTIFS(K:K,AX17,H:H,BB$12) -> 2 | BC17: =AZ17*3+BA17 -> 14 | BD17: =AZ17/AY17 -> 0.3 | BE17: =BC17/AY17 -> 1.4
A18: K리그 | B18: 45444 | C18: 16 | D18: 수F | E18: 원정 | F18: 1 | G18: 3 | H18: 패 | I18: 스카이 | J18: 이황재 | K18: 박봉서 | L18: 무고사 | X18: 김도혁 | Y18: =Z18+AA18 -> 25 | Z18: =COUNTIF(출전기록!B$2:L$39,'2024 토탈'!X18) -> 19 | AA18: =COUNTIF(출전기록!M$2:Q$39,'2024 토탈'!X18) -> 6 | AB18: =COUNTIF($L$3:$P$40,$X18) -> 3 | AC18: =COUNTIF(Q$3:U$40,X18) -> 0 | AD18: =AB18+AC18 -> 3 | AE18: =COUNTIF(L$3:P$46,$X18) -> 3 | AF18: =COUNTIF(Q$3:U$46,$X18) -> 0 | AG18: =AE18+AF18 -> 3 | AX18: 정승호 | AY18: =SUM(AZ18:BB18) -> 1 | AZ18: =COUNTIFS(K:K,AX18,H:H,$AZ$12) -> 0 | BA18: =COUNTIFS(K:K,AX18,H:H,$BA$12) -> 0 | BB18: =COUNTIFS(K:K,AX18,H:H,BB$12) -> 1 | BC18: =AZ18*3+BA18 -> 0 | BD18: =AZ18/AY18 -> 0 | BE18: =BC18/AY18 -> 0
A19: K리그 | B19: 45459 | C19: 17 | D19: 전북 | E19: 원정 | F19: 2 | G19: 2 | H19: 무 | I19: jtbc | J19: 차상엽 | K19: 임경진 | L19: 김도혁 | M19: 김성민 | Q19: 무고사 | R19: 신진호 | X19: 신진호 | Y19: =Z19+AA19 -> 18 | Z19: =COUNTIF(출전기록!B$2:L$39,'2024 토탈'!X19) -> 14 | AA19: =COUNTIF(출전기록!M$2:Q$39,'2024 토탈'!X19) -> 4 | AB19: =COUNTIF($L$3:$P$40,$X19) -> 0 | AC19: =COUNTIF(Q$3:U$40,X19) -> 3 | AD19: =AB19+AC19 -> 3 | AE19: =COUNTIF(L$3:P$46,$X19) -> 0 | AF19: =COUNTIF(Q$3:U$46,$X19) -> 3 | AG19: =AE19+AF19 -> 3 | AJ19: 홈/원정 | AK19: 경기 | AL19: 승 | AM19: 무 | AN19: 패 | AO19: 승점 | AP19: 승률 | AQ19: 득점 | AR19: 실점 | AS19: 득실 | AT19: 평균 승점 | AU19: 평균 득점 | AV19: 평균 실점
A20: K리그 | B20: 45466 | C20: 18 | D20: 포항 | E20: 홈 | F20: 1 | G20: 3 | H20: 패 | I20: jtbc | J20: 김환 | K20: 임경진 | L20: 김보섭 | V20: 8198 | X20: 김현서 | Y20: =Z20+AA20 -> 1 | Z20: =COUNTIF(출전기록!B$2:L$39,'2024 토탈'!X20) -> 1 | AA20: =COUNTIF(출전기록!M$2:Q$39,'2024 토탈'!X20) -> 0 | AB20: =COUNTIF($L$3:$P$40,$X20) -> 0 | AC20: =COUNTIF(Q$3:U$40,X20) -> 0 | AD20: =AB20+AC20 -> 0 | AE20: =COUNTIF(L$3:P$46,$X20) -> 0 | AF20: =COUNTIF(Q$3:U$46,$X20) -> 0 | AG20: =AE20+AF20 -> 0 | AJ20: 홈 | AK20: =SUM(AL20:AN20) -> 19 | AL20: =COUNTIFS(E3:E40,AJ20,H3:H40,AL19) -> 3 | AM20: =COUNTIFS(E3:E40,AJ20,H3:H40,AM19) -> 5 | AN20: =COUNTIFS(E3:E40,AJ20,H3:H40,AN19) -> 11 | AO20: =AL20*3+AM20 -> 14 | AP20: =AL20/AK20 -> 0.15789474 | AQ20: =SUMIF(E:E,AJ20,F:F) -> 17 | AR20: =SUMIF(E:E,AJ20,G:G) -> 25 | AS20: =AQ20-AR20 -> -8 | AT20: =AO20/AK20 -> 0.73684211 | AU20: =AQ20/AK20 -> 0.89473684 | AV20: =AR20/AK20 -> 1.3157895
A21: K리그 | B21: 45469 | C21: 19 | D21: 제주 | E21: 원정 | F21: 0 | G21: 1 | H21: 패 | I21: GOLF&PBA | J21: 이황재 | K21: 박봉서 | X21: 이가람 | Y21: =Z21+AA21 -> 0 | Z21: =COUNTIF(출전기록!B$2:L$39,'2024 토탈'!X21) -> 0 | AA21: =COUNTIF(출전기록!M$2:Q$39,'2024 토탈'!X21) -> 0 | AB21: =COUNTIF($L$3:$P$40,$X21) -> 0 | AC21: =COUNTIF(Q$3:U$40,X21) -> 0 | AD21: =AB21+AC21 -> 0 | AE21: =COUNTIF(L$3:P$46,$X21) -> 0 | AF21: =COUNTIF(Q$3:U$46,$X21) -> 0 | AG21: =AE21+AF21 -> 0 | AJ21: 원정 | AK21: =SUM(AL21:AN21) -> 19 | AL21: =COUNTIFS(E3:E40,AJ21,H3:H40,AL19) -> 6 | AM21: =COUNTIFS(E3:E40,AJ21,H3:H40,AM19) -> 7 | AN21: =COUNTIFS(E3:E40,AJ21,H3:H40,AN19) -> 6 | AO21: =AL21*3+AM21 -> 25 | AP21: =AL21/AK21 -> 0.31578947 | AQ21: =SUMIF(E:E,AJ21,F:F) -> 22 | AR21: =SUMIF(E:E,AJ21,G:G) -> 25 | AS21: =AQ21-AR21 -> -3 | AT21: =AO21/AK21 -> 1.3157895 | AU21: =AQ21/AK21 -> 1.1578947 | AV21: =AR21/AK21 -> 1.3157895
A22: K리그 | B22: 45473 | C22: 20 | D22: 강원 | E22: 홈 | F22: 0 | G22: 1 | H22: 패 | I22: MAXPORTS | J22: 이상윤 | K22: 소준일 | V22: 6164 | X22: 김훈 | Y22: =Z22+AA22 -> 0 | Z22: =COUNTIF(출전기록!B$2:L$39,'2024 토탈'!X22) -> 0 | AA22: =COUNTIF(출전기록!M$2:Q$39,'2024 토탈'!X22) -> 0 | AB22: =COUNTIF($L$3:$P$40,$X22) -> 0 | AC22: =COUNTIF(Q$3:U$40,X22) -> 0 | AD22: =AB22+AC22 -> 0 | AE22: =COUNTIF(L$3:P$46,$X22) -> 0 | AF22: =COUNTIF(Q$3:U$46,$X22) -> 0 | AG22: =AE22+AF22 -> 0 | AJ22: 총합 | AK22: =SUM(AK20:AK21) -> 38 | AL22: =SUM(AL20:AL21) -> 9 | AM22: =SUM(AM20:AM21) -> 12 | AN22: =SUM(AN20:AN21) -> 17 | AO22: =SUM(AO20:AO21) -> 39 | AP22: =AL22/AK22 -> 0.23684211 | AQ22: =SUM(AQ20:AQ21) -> 39 | AR22: =SUM(AR20:AR21) -> 50 | AS22: =SUM(AS20:AS21) -> -11 | AT22: =AO22/AK22 -> 1.0263158 | AU22: =AQ22/AK22 -> 1.0263158 | AV22: =AR22/AK22 -> 1.3157895
A23: K리그 | B23: 45478 | C23: 21 | D23: 김천 | E23: 홈 | F23: 1 | G23: 1 | H23: 무 | I23: ib | J23: 강성주 | K23: 김태우 | L23: 무고사 | Q23: 신진호 | V23: 7012 | X23: 강도욱 | Y23: =Z23+AA23 -> 0 | Z23: =COUNTIF(출전기록!B$2:L$39,'2024 토탈'!X23) -> 0 | AA23: =COUNTIF(출전기록!M$2:Q$39,'2024 토탈'!X23) -> 0 | AB23: =COUNTIF($L$3:$P$40,$X23) -> 0 | AC23: =COUNTIF(Q$3:U$40,X23) -> 0 | AD23: =AB23+AC23 -> 0 | AE23: =COUNTIF(L$3:P$46,$X23) -> 0 | AF23: =COUNTIF(Q$3:U$46,$X23) -> 0 | AG23: =AE23+AF23 -> 0 | AJ23: 팀명 | AK23: 경기 | AL23: 승 | AM23: 무 | AN23: 패 | AO23: 승점 | AP23: 승률 | AQ23: 득점 | AR23: 실점 | AS23: 득실
A24: K리그 | B24: 45482 | C24: 22 | D24: 대구 | E24: 원정 | F24: 0 | G24: 0 | H24: 무 | I24: 스카이 | J24: 이황재 | K24: 박봉서 | X24: 박진홍 | Y24: =Z24+AA24 -> 0 | Z24: =COUNTIF(출전기록!B$2:L$39,'2024 토탈'!X24) -> 0 | AA24: =COUNTIF(출전기록!M$2:Q$39,'2024 토탈'!X24) -> 0 | AB24: =COUNTIF($L$3:$P$40,$X24) -> 0 | AC24: =COUNTIF(Q$3:U$40,X24) -> 0 | AD24: =AB24+AC24 -> 0 | AE24: =COUNTIF(L$3:P$46,$X24) -> 0 | AF24: =COUNTIF(Q$3:U$46,$X24) -> 0 | AG24: =AE24+AF24 -> 0 | AI24: K리그 | AJ24: 울산 | AK24: =SUM(AL24:AN24) -> 3 | AL24: =COUNTIFS(A:A,AI24,D:D,AJ24,H:H,"승") -> 0 | AM24: =COUNTIFS(A:A,AI24,D:D,AJ24,H:H,"무") -> 3 | AN24: =COUNTIFS(A:A,AI24,D:D,AJ24,H:H,"패") -> 0 | AO24: =AL24*3+AM24 -> 3 | AP24: =AL24/AK24 -> 0 | AQ24: =SUMIF(D:D,AJ24,F:F) -> 4 | AR24: =SUMIF(D:D,AJ24,G:G) -> 5 | AS24: =AQ24-AR24 -> -1
A25: K리그 | B25: 45487 | C25: 23 | D25: 광주 | E25: 원정 | F25: 2 | G25: 0 | H25: 승 | I25: 스카이 | J25: 현영민 | K25: 소준일 | L25: 요니치 | M25: 자책골 | X25: 요니치 | Y25: =Z25+AA25 -> 27 | Z25: =COUNTIF(출전기록!B$2:L$39,'2024 토탈'!X25) -> 27 | AA25: =COUNTIF(출전기록!M$2:Q$39,'2024 토탈'!X25) -> 0 | AB25: =COUNTIF($L$3:$P$40,$X25) -> 1 | AC25: =COUNTIF(Q$3:U$40,X25) -> 0 | AD25: =AB25+AC25 -> 1 | AE25: =COUNTIF(L$3:P$46,$X25) -> 1 | AF25: =COUNTIF(Q$3:U$46,$X25) -> 0 | AG25: =AE25+AF25 -> 1 | AI25: K리그 | AJ25: 포항 | AK25: =SUM(AL25:AN25) -> 3 | AL25: =COUNTIFS(A:A,AI25,D:D,AJ25,H:H,"승") -> 0 | AM25: =COUNTIFS(A:A,AI25,D:D,AJ25,H:H,"무") -> 1 | AN25: =COUNTIFS(A:A,AI25,D:D,AJ25,H:H,"패") -> 2 | AO25: =AL25*3+AM25 -> 1 | AP25: =AL25/AK25 -> 0 | AQ25: =SUMIF(D:D,AJ25,F:F) -> 1 | AR25: =SUMIF(D:D,AJ25,G:G) -> 4 | AS25: =AQ25-AR25 -> -3
A26: K리그 | B26: 45494 | C26: 24 | D26: 수F | E26: 홈 | F26: 1 | G26: 4 | H26: 패 | I26: MAXPORTS | J26: 이상윤 | K26: 박봉서 | L26: 무고사 | Q26: 신진호 | V26: 10303 | X26: 델브리지 | Y26: =Z26+AA26 -> 14 | Z26: =COUNTIF(출전기록!B$2:L$39,'2024 토탈'!X26) -> 12 | AA26: =COUNTIF(출전기록!M$2:Q$39,'2024 토탈'!X26) -> 2 | AB26: =COUNTIF($L$3:$P$40,$X26) -> 1 | AC26: =COUNTIF(Q$3:U$40,X26) -> 0 | AD26: =AB26+AC26 -> 1 | AE26: =COUNTIF(L$3:P$46,$X26) -> 1 | AF26: =COUNTIF(Q$3:U$46,$X26) -> 0 | AG26: =AE26+AF26 -> 1 | AI26: K리그 | AJ26: 광주 | AK26: =SUM(AL26:AN26) -> 4 | AL26: =COUNTIFS(A:A,AI26,D:D,AJ26,H:H,"승") -> 3 | AM26: =COUNTIFS(A:A,AI26,D:D,AJ26,H:H,"무") -> 1 | AN26: =COUNTIFS(A:A,AI26,D:D,AJ26,H:H,"패") -> 0 | AO26: =AL26*3+AM26 -> 10 | AP26: =AL26/AK26 -> 0.75 | AQ26: =SUMIF(D:D,AJ26,F:F) -> 7 | AR26: =SUMIF(D:D,AJ26,G:G) -> 3 | AS26: =AQ26-AR26 -> 4
A27: K리그 | B27: 45500 | C27: 25 | D27: 서울 | E27: 홈 | F27: 0 | G27: 1 | H27: 패 | I27: 스카이 | J27: 이황재 | K27: 박봉서 | V27: 15213 | X27: 오반석 | Y27: =Z27+AA27 -> 14 | Z27: =COUNTIF(출전기록!B$2:L$39,'2024 토탈'!X27) -> 10 | AA27: =COUNTIF(출전기록!M$2:Q$39,'2024 토탈'!X27) -> 4 | AB27: =COUNTIF($L$3:$P$40,$X27) -> 0 | AC27: =COUNTIF(Q$3:U$40,X27) -> 0 | AD27: =AB27+AC27 -> 0 | AE27: =COUNTIF(L$3:P$46,$X27) -> 0 | AF27: =COUNTIF(Q$3:U$46,$X27) -> 0 | AG27: =AE27+AF27 -> 0 | AI27: K리그 | AJ27: 전북 | AK27: =SUM(AL27:AN27) -> 4 | AL27: =COUNTIFS(A:A,AI27,D:D,AJ27,H:H,"승") -> 1 | AM27: =COUNTIFS(A:A,AI27,D:D,AJ27,H:H,"무") -> 2 | AN27: =COUNTIFS(A:A,AI27,D:D,AJ27,H:H,"패") -> 1 | AO27: =AL27*3+AM27 -> 5 | AP27: =AL27/AK27 -> 0.25 | AQ27: =SUMIF(D:D,AJ27,F:F) -> 5 | AR27: =SUMIF(D:D,AJ27,G:G) -> 3 | AS27: =AQ27-AR27 -> 2
A28: K리그 | B28: 45514 | C28: 26 | D28: 제주 | E28: 원정 | F28: 1 | G28: 0 | H28: 승 | I28: 스카이 | J28: 강성주 | K28: 김태우 | L28: 무고사 | Q28: 최우진 | X28: 김동민 | Y28: =Z28+AA28 -> 19 | Z28: =COUNTIF(출전기록!B$2:L$39,'2024 토탈'!X28) -> 11 | AA28: =COUNTIF(출전기록!M$2:Q$39,'2024 토탈'!X28) -> 8 | AB28: =COUNTIF($L$3:$P$40,$X28) -> 1 | AC28: =COUNTIF(Q$3:U$40,X28) -> 0 | AD28: =AB28+AC28 -> 1 | AE28: =COUNTIF(L$3:P$46,$X28) -> 1 | AF28: =COUNTIF(Q$3:U$46,$X28) -> 0 | AG28: =AE28+AF28 -> 1 | AI28: K리그 | AJ28: 대구 | AK28: =SUM(AL28:AN28) -> 4 | AL28: =COUNTIFS(A:A,AI28,D:D,AJ28,H:H,"승") -> 2 | AM28: =COUNTIFS(A:A,AI28,D:D,AJ28,H:H,"무") -> 2 | AN28: =COUNTIFS(A:A,AI28,D:D,AJ28,H:H,"패") -> 0 | AO28: =AL28*3+AM28 -> 8 | AP28: =AL28/AK28 -> 0.5 | AQ28: =SUMIF(D:D,AJ28,F:F) -> 6 | AR28: =SUMIF(D:D,AJ28,G:G) -> 3 | AS28: =AQ28-AR28 -> 3
A29: K리그 | B29: 45521 | C29: 27 | D29: 대전 | E29: 원정 | F29: 1 | G29: 2 | H29: 패 | I29: 스카이 | J29: 이황재 | K29: 박봉서 | L29: 무고사 | Q29: 정동윤 | X29: 김건희 | Y29: =Z29+AA29 -> 27 | Z29: =COUNTIF(출전기록!B$2:L$39,'2024 토탈'!X29) -> 20 | AA29: =COUNTIF(출전기록!M$2:Q$39,'2024 토탈'!X29) -> 7 | AB29: =COUNTIF($L$3:$P$40,$X29) -> 0 | AC29: =COUNTIF(Q$3:U$40,X29) -> 1 | AD29: =AB29+AC29 -> 1 | AE29: =COUNTIF(L$3:P$46,$X29) -> 0 | AF29: =COUNTIF(Q$3:U$46,$X29) -> 1 | AG29: =AE29+AF29 -> 1 | AI29: K리그 | AJ29: 서울 | AK29: =SUM(AL29:AN29) -> 3 | AL29: =COUNTIFS(A:A,AI29,D:D,AJ29,H:H,"승") -> 0 | AM29: =COUNTIFS(A:A,AI29,D:D,AJ29,H:H,"무") -> 1 | AN29: =COUNTIFS(A:A,AI29,D:D,AJ29,H:H,"패") -> 2 | AO29: =AL29*3+AM29 -> 1 | AP29: =AL29/AK29 -> 0 | AQ29: =SUMIF(D:D,AJ29,F:F) -> 1 | AR29: =SUMIF(D:D,AJ29,G:G) -> 3 | AS29: =AQ29-AR29 -> -2
A30: K리그 | B30: 45528 | C30: 28 | D30: 전북 | E30: 홈 | F30: 0 | G30: 1 | H30: 패 | I30: MAXPORTS | J30: 이황재 | K30: 소준일 | V30: 15422 | X30: 권한진 | Y30: =Z30+AA30 -> 7 | Z30: =COUNTIF(출전기록!B$2:L$39,'2024 토탈'!X30) -> 6 | AA30: =COUNTIF(출전기록!M$2:Q$39,'2024 토탈'!X30) -> 1 | AB30: =COUNTIF($L$3:$P$40,$X30) -> 0 | AC30: =COUNTIF(Q$3:U$40,X30) -> 0 | AD30: =AB30+AC30 -> 0 | AE30: =COUNTIF(L$3:P$46,$X30) -> 0 | AF30: =COUNTIF(Q$3:U$46,$X30) -> 0 | AG30: =AE30+AF30 -> 0 | AI30: K리그 | AJ30: 대전 | AK30: =SUM(AL30:AN30) -> 4 | AL30: =COUNTIFS(A:A,AI30,D:D,AJ30,H:H,"승") -> 2 | AM30: =COUNTIFS(A:A,AI30,D:D,AJ30,H:H,"무") -> 0 | AN30: =COUNTIFS(A:A,AI30,D:D,AJ30,H:H,"패") -> 2 | AO30: =AL30*3+AM30 -> 6 | AP30: =AL30/AK30 -> 0.5 | AQ30: =SUMIF(D:D,AJ30,F:F) -> 5 | AR30: =SUMIF(D:D,AJ30,G:G) -> 4 | AS30: =AQ30-AR30 -> 1
A31: K리그 | B31: 45535 | C31: 29 | D31: 대구 | E31: 원정 | F31: 2 | G31: 1 | H31: 승 | I31: jtbc | J31: 차상엽 | K31: 임경진 | L31: 무고사 | M31: 김도혁 | Q31: 김보섭 | R31: 김보섭 | X31: 김연수 | Y31: =Z31+AA31 -> 14 | Z31: =COUNTIF(출전기록!B$2:L$39,'2024 토탈'!X31) -> 13 | AA31: =COUNTIF(출전기록!M$2:Q$39,'2024 토탈'!X31) -> 1 | AB31: =COUNTIF($L$3:$P$40,$X31) -> 0 | AC31: =COUNTIF(Q$3:U$40,X31) -> 1 | AD31: =AB31+AC31 -> 1 | AE31: =COUNTIF(L$3:P$46,$X31) -> 0 | AF31: =COUNTIF(Q$3:U$46,$X31) -> 1 | AG31: =AE31+AF31 -> 1 | AI31: K리그 | AJ31: 제주 | AK31: =SUM(AL31:AN31) -> 4 | AL31: =COUNTIFS(A:A,AI31,D:D,AJ31,H:H,"승") -> 1 | AM31: =COUNTIFS(A:A,AI31,D:D,AJ31,H:H,"무") -> 0 | AN31: =COUNTIFS(A:A,AI31,D:D,AJ31,H:H,"패") -> 3 | AO31: =AL31*3+AM31 -> 3 | AP31: =AL31/AK31 -> 0.25 | AQ31: =SUMIF(D:D,AJ31,F:F) -> 2 | AR31: =SUMIF(D:D,AJ31,G:G) -> 4 | AS31: =AQ31-AR31 -> -2
A32: K리그 | B32: 45550 | C32: 30 | D32: 김천 | E32: 원정 | F32: 0 | G32: 2 | H32: 패 | I32: 스카이 | J32: 이황재 | K32: 박봉서 | X32: 최우진 | Y32: =Z32+AA32 -> 26 | Z32: =COUNTIF(출전기록!B$2:L$39,'2024 토탈'!X32) -> 16 | AA32: =COUNTIF(출전기록!M$2:Q$39,'2024 토탈'!X32) -> 10 | AB32: =COUNTIF($L$3:$P$40,$X32) -> 0 | AC32: =COUNTIF(Q$3:U$40,X32) -> 4 | AD32: =AB32+AC32 -> 4 | AE32: =COUNTIF(L$3:P$46,$X32) -> 0 | AF32: =COUNTIF(Q$3:U$46,$X32) -> 4 | AG32: =AE32+AF32 -> 4 | AI32: K리그 | AJ32: 수F | AK32: =SUM(AL32:AN32) -> 3 | AL32: =COUNTIFS(A:A,AI32,D:D,AJ32,H:H,"승") -> 0 | AM32: =COUNTIFS(A:A,AI32,D:D,AJ32,H:H,"무") -> 0 | AN32: =COUNTIFS(A:A,AI32,D:D,AJ32,H:H,"패") -> 3 | AO32: =AL32*3+AM32 -> 0 | AP32: =AL32/AK32 -> 0 | AQ32: =SUMIF(D:D,AJ32,F:F) -> 2 | AR32: =SUMIF(D:D,AJ32,G:G) -> 8 | AS32: =AQ32-AR32 -> -6
A33: K리그 | B33: 45557 | C33: 31 | D33: 울산 | E33: 홈 | F33: 0 | G33: 0 | H33: 무 | I33: 스카이 | J33: 박문성 | K33: 배성재 | V33: 13888 | X33: 김준엽 | Y33: =Z33+AA33 -> 14 | Z33: =COUNTIF(출전기록!B$2:L$39,'2024 토탈'!X33) -> 10 | AA33: =COUNTIF(출전기록!M$2:Q$39,'2024 토탈'!X33) -> 4 | AB33: =COUNTIF($L$3:$P$40,$X33) -> 0 | AC33: =COUNTIF(Q$3:U$40,X33) -> 0 | AD33: =AB33+AC33 -> 0 | AE33: =COUNTIF(L$3:P$46,$X33) -> 0 | AF33: =COUNTIF(Q$3:U$46,$X33) -> 0 | AG33: =AE33+AF33 -> 0 | AI33: K리그 | AJ33: 강원 | AK33: =SUM(AL33:AN33) -> 3 | AL33: =COUNTIFS(A:A,AI33,D:D,AJ33,H:H,"승") -> 0 | AM33: =COUNTIFS(A:A,AI33,D:D,AJ33,H:H,"무") -> 0 | AN33: =COUNTIFS(A:A,AI33,D:D,AJ33,H:H,"패") -> 3 | AO33: =AL33*3+AM33 -> 0 | AP33: =AL33/AK33 -> 0 | AQ33: =SUMIF(D:D,AJ33,F:F) -> 2 | AR33: =SUMIF(D:D,AJ33,G:G) -> 8 | AS33: =AQ33-AR33 -> -6
A34: K리그 | B34: 45562 | C34: 32 | D34: 포항 | E34: 원정 | F34: 0 | G34: 1 | H34: 패 | I34: 스카이 | J34: 박문성 | K34: 박봉서 | X34: 정동윤 | Y34: =Z34+AA34 -> 31 | Z34: =COUNTIF(출전기록!B$2:L$39,'2024 토탈'!X34) -> 24 | AA34: =COUNTIF(출전기록!M$2:Q$39,'2024 토탈'!X34) -> 7 | AB34: =COUNTIF($L$3:$P$40,$X34) -> 0 | AC34: =COUNTIF(Q$3:U$40,X34) -> 1 | AD34: =AB34+AC34 -> 1 | AE34: =COUNTIF(L$3:P$46,$X34) -> 0 | AF34: =COUNTIF(Q$3:U$46,$X34) -> 1 | AG34: =AE34+AF34 -> 1 | AI34: K리그 | AJ34: 김천 | AK34: =SUM(AL34:AN34) -> 3 | AL34: =COUNTIFS(A:A,AI34,D:D,AJ34,H:H,"승") -> 0 | AM34: =COUNTIFS(A:A,AI34,D:D,AJ34,H:H,"무") -> 2 | AN34: =COUNTIFS(A:A,AI34,D:D,AJ34,H:H,"패") -> 1 | AO34: =AL34*3+AM34 -> 2 | AP34: =AL34/AK34 -> 0 | AQ34: =SUMIF(D:D,AJ34,F:F) -> 3 | AR34: =SUMIF(D:D,AJ34,G:G) -> 5 | AS34: =AQ34-AR34 -> -2
A35: K리그 | B35: 45571 | C35: 33 | D35: 강원 | E35: 홈 | F35: 1 | G35: 3 | H35: 패 | I35: MAXPORTS | J35: 이상윤 | K35: 소준일 | L35: 홍시후 | Q35: 김연수 | V35: 14434 | X35: 김성민 | Y35: =Z35+AA35 -> 26 | Z35: =COUNTIF(출전기록!B$2:L$39,'2024 토탈'!X35) -> 11 | AA35: =COUNTIF(출전기록!M$2:Q$39,'2024 토탈'!X35) -> 15 | AB35: =COUNTIF($L$3:$P$40,$X35) -> 1 | AC35: =COUNTIF(Q$3:U$40,X35) -> 0 | AD35: =AB35+AC35 -> 1 | AE35: =COUNTIF(L$3:P$46,$X35) -> 1 | AF35: =COUNTIF(Q$3:U$46,$X35) -> 0 | AG35: =AE35+AF35 -> 1
A36: K리그 | B36: 45584 | C36: 34 | D36: 제주 | E36: 홈 | F36: 1 | G36: 2 | H36: 패 | I36: ib | J36: 강성주 | K36: 정승호 | L36: 제르소 | V36: 7138 | X36: 민경현 | Y36: =Z36+AA36 -> 15 | Z36: =COUNTIF(출전기록!B$2:L$39,'2024 토탈'!X36) -> 11 | AA36: =COUNTIF(출전기록!M$2:Q$39,'2024 토탈'!X36) -> 4 | AB36: =COUNTIF($L$3:$P$40,$X36) -> 0 | AC36: =COUNTIF(Q$3:U$40,X36) -> 0 | AD36: =AB36+AC36 -> 0 | AE36: =COUNTIF(L$3:P$46,$X36) -> 0 | AF36: =COUNTIF(Q$3:U$46,$X36) -> 0 | AG36: =AE36+AF36 -> 0
A37: K리그 | B37: 45592 | C37: 35 | D37: 광주 | E37: 홈 | F37: 1 | G37: 0 | H37: 승 | I37: 스카이 | J37: 박문성 | K37: 박봉서 | L37: 무고사 | V37: 8257 | X37: 홍시후 | Y37: =Z37+AA37 -> 22 | Z37: =COUNTIF(출전기록!B$2:L$39,'2024 토탈'!X37) -> 15 | AA37: =COUNTIF(출전기록!M$2:Q$39,'2024 토탈'!X37) -> 7 | AB37: =COUNTIF($L$3:$P$40,$X37) -> 1 | AC37: =COUNTIF(Q$3:U$40,X37) -> 1 | AD37: =AB37+AC37 -> 2 | AE37: =COUNTIF(L$3:P$46,$X37) -> 1 | AF37: =COUNTIF(Q$3:U$46,$X37) -> 1 | AG37: =AE37+AF37 -> 2
A38: K리그 | B38: 45598 | C38: 36 | D38: 전북 | E38: 원정 | F38: 0 | G38: 0 | H38: 무 | I38: jtbc | J38: 김환 | K38: 임경진 | X38: 최승구 | Y38: =Z38+AA38 -> 0 | Z38: =COUNTIF(출전기록!B$2:L$39,'2024 토탈'!X38) -> 0 | AA38: =COUNTIF(출전기록!M$2:Q$39,'2024 토탈'!X38) -> 0 | AB38: =COUNTIF($L$3:$P$40,$X38) -> 0 | AC38: =COUNTIF(Q$3:U$40,X38) -> 0 | AD38: =AB38+AC38 -> 0 | AE38: =COUNTIF(L$3:P$46,$X38) -> 0 | AF38: =COUNTIF(Q$3:U$46,$X38) -> 0 | AG38: =AE38+AF38 -> 0
A39: K리그 | B39: 45606 | C39: 37 | D39: 대전 | E39: 홈 | F39: 1 | G39: 2 | H39: 패 | L39: 제르소 | Q39: 이명주 | V39: 14633 | X39: 임형진 | Y39: =Z39+AA39 -> 0 | Z39: =COUNTIF(출전기록!B$2:L$39,'2024 토탈'!X39) -> 0 | AA39: =COUNTIF(출전기록!M$2:Q$39,'2024 토탈'!X39) -> 0 | AB39: =COUNTIF($L$3:$P$40,$X39) -> 0 | AC39: =COUNTIF(Q$3:U$40,X39) -> 0 | AD39: =AB39+AC39 -> 0 | AE39: =COUNTIF(L$3:P$46,$X39) -> 0 | AF39: =COUNTIF(Q$3:U$46,$X39) -> 0 | AG39: =AE39+AF39 -> 0
A40: K리그 | B40: 45620 | C40: 38 | D40: 대구 | E40: 원정 | F40: 3 | G40: 1 | H40: 승 | L40: 제르소 | M40: 제르소 | N40: 지언학 | Q40: 박승호 | R40: 김보섭 | S40: 문지환 | X40: 민성준 | Y40: =Z40+AA40 -> 11 | Z40: =COUNTIF(출전기록!B$2:L$39,'2024 토탈'!X40) -> 10 | AA40: =COUNTIF(출전기록!M$2:Q$39,'2024 토탈'!X40) -> 1 | AB40: =COUNTIF($L$3:$P$40,$X40) -> 0 | AC40: =COUNTIF(Q$3:U$40,X40) -> 0 | AD40: =AB40+AC40 -> 0 | AE40: =COUNTIF(L$3:P$46,$X40) -> 0 | AF40: =COUNTIF(Q$3:U$46,$X40) -> 0 | AG40: =AE40+AF40 -> 0
A41: FA컵 | B41: 45399 | C41: 3R | D41: 김해 | E41: 홈 | F41: 1 | G41: 0 | H41: 승 | I41: 쿠팡 | L41: 천성훈 | Q41: 제르소 | V41: 1730 | X41: 이범수 | Y41: =Z41+AA41 -> 25 | Z41: =COUNTIF(출전기록!B$2:L$39,'2024 토탈'!X41) -> 25 | AA41: =COUNTIF(출전기록!M$2:Q$39,'2024 토탈'!X41) -> 0 | AB41: =COUNTIF($L$3:$P$40,$X41) -> 0 | AC41: =COUNTIF(Q$3:U$40,X41) -> 0 | AD41: =AB41+AC41 -> 0 | AE41: =COUNTIF(L$3:P$46,$X41) -> 0 | AF41: =COUNTIF(Q$3:U$46,$X41) -> 0 | AG41: =AE41+AF41 -> 0
A42: FA컵 | B42: 45462 | C42: 16강 | D42: 김천 | E42: 홈 | F42: 0 | G42: 0 | H42: 승 | I42: 쿠팡 | V42: 2691 | X42: 김유성 | Y42: =Z42+AA42 -> 0 | Z42: =COUNTIF(출전기록!B$2:L$39,'2024 토탈'!X42) -> 0 | AA42: =COUNTIF(출전기록!M$2:Q$39,'2024 토탈'!X42) -> 0 | AB42: =COUNTIF($L$3:$P$40,$X42) -> 0 | AC42: =COUNTIF(Q$3:U$40,X42) -> 0 | AD42: =AB42+AC42 -> 0 | AE42: =COUNTIF(L$3:P$46,$X42) -> 0 | AF42: =COUNTIF(Q$3:U$46,$X42) -> 0 | AG42: =AE42+AF42 -> 0
A43: FA컵 | B43: 45490 | C43: 8강 | D43: 울산 | E43: 원정 | F43: 0 | G43: 1 | H43: 패 | I43: 쿠팡 | X43: 성윤수 | Y43: =Z43+AA43 -> 0 | Z43: =COUNTIF(출전기록!B$2:L$39,'2024 토탈'!X43) -> 0 | AA43: =COUNTIF(출전기록!M$2:Q$39,'2024 토탈'!X43) -> 0 | AB43: =COUNTIF($L$3:$P$40,$X43) -> 0 | AC43: =COUNTIF(Q$3:U$40,X43) -> 0 | AD43: =AB43+AC43 -> 0 | AE43: =COUNTIF(L$3:P$46,$X43) -> 0 | AF43: =COUNTIF(Q$3:U$46,$X43) -> 0 | AG43: =AE43+AF43 -> 0
A44: FA컵 | B44: 45525 | C44: 4강
A45: FA컵 | B45: 45532 | C45: 4강
A46: FA컵 | B46: 45626 | C46: 결승
M47: 2024시즌 | P47: 2023시즌
L48: 대회 | M48: 경기수 | N48: 총관중수 | O48: 평균관중수 | P48: 경기수 | Q48: 총관중수 | R48: 평균관중수 | S48: 전년비 증감
L49: K리그 | M49: =COUNT(V3:V40) -> 19 | N49: =SUMIFS(V3:V46,A3:A46,L49) -> 208045 | O49: =N49/M49 -> 10949.737 | P49: 19 | Q49: 169826 | R49: =Q49/19 -> 8938.2105 | S49: =(O49-R49)/R49 -> 0.22504799
L50: FA컵 | M50: =COUNT(V41:V45) -> 2 | N50: =SUMIFS(V3:V46,A3:A46,L50) -> 4421 | O50: =N50/M50 -> 2210.5 | P50: 2 | Q50: 5581 | R50: =Q50/2 -> 2790.5 | S50: =(O50-R50)/R50 -> -0.20784806
L51: 총합 | M51: =SUM(M49:M50) -> 21 | N51: =SUM(N49:N50) -> 212466 | O51: =N51/M51 -> 10117.429

Sheet 출전기록
A1: 리그 | B1: 선발 | C1: 선발 | D1: 선발 | E1: 선발 | F1: 선발 | G1: 선발 | H1: 선발 | I1: 선발 | J1: 선발 | K1: 선발 | L1: 선발 | M1: 교체 | N1: 교체 | O1: 교체 | P1: 교체 | Q1: 교체 | S1: FA컵 | T1: 선발 | U1: 선발 | V1: 선발 | W1: 선발 | X1: 선발 | Y1: 선발 | Z1: 선발 | AA1: 선발 | AB1: 선발 | AC1: 선발 | AD1: 선발 | AE1: 교체 | AF1: 교체 | AG1: 교체 | AH1: 교체 | AI1: 교체
A2: 1R | B2: 이범수 | C2: 오반석 | D2: 권한진 | E2: 김동민 | F2: 최우진 | G2: 홍시후 | H2: 이명주 | I2: 음포쿠 | J2: 박승호 | K2: 무고사 | L2: 제르소 | M2: 천성훈 | N2: 정동윤 | O2: 김성민 | P2: 문지환 | Q2: 지언학 | S2: 3R | T2: 민성준 | U2: 델브리지 | V2: 권한진 | W2: 김연수 | X2: 김준엽 | Y2: 민경현 | Z2: 김도혁 | AA2: 문지환 | AB2: 지언학 | AC2: 천성훈 | AD2: 송시우 | AE2: 제르소 | AF2: 박승호 | AG2: 김세훈 | AH2: 음포쿠 | AI2: 김건희
A3: 2R | B3: 이범수 | C3: 오반석 | D3: 요니치 | E3: 김연수 | F3: 정동윤 | G3: 홍시후 | H3: 이명주 | I3: 음포쿠 | J3: 박승호 | K3: 무고사 | L3: 김성민 | M3: 제르소 | N3: 천성훈 | S3: 16강
A4: 3R | B4: 이범수 | C4: 오반석 | D4: 요니치 | E4: 김연수 | F4: 정동윤 | G4: 홍시후 | H4: 이명주 | I4: 김현서 | J4: 박승호 | K4: 무고사 | L4: 제르소 | M4: 김성민 | S4: 8강
A5: 4R | B5: 이범수 | C5: 오반석 | D5: 요니치 | E5: 김연수 | F5: 정동윤 | G5: 최우진 | H5: 이명주 | I5: 음포쿠 | J5: 박승호 | K5: 천성훈 | L5: 제르소 | M5: 홍시후 | N5: 김도혁 | O5: 김건희 | P5: 김성민 | Q5: 무고사 | S5: 4강
A6: 5R | B6: 이범수 | C6: 김건희 | D6: 요니치 | E6: 김동민 | F6: 정동윤 | G6: 홍시후 | H6: 이명주 | I6: 음포쿠 | J6: 박승호 | K6: 무고사 | L6: 김성민 | M6: 제르소 | N6: 김도혁 | O6: 문지환 | P6: 천성훈 | Q6: 민경현 | S6: 4강
A7: 6R | B7: 이범수 | C7: 김건희 | D7: 요니치 | E7: 김연수 | F7: 최우진 | G7: 민경현 | H7: 이명주 | I7: 김도혁 | J7: 박승호 | K7: 무고사 | L7: 제르소 | M7: 문지환 | N7: 김성민 | O7: 백민규 | P7: 음포쿠 | Q7: 천성훈 | S7: 결승
A8: 7R | B8: 민성준 | C8: 오반석 | D8: 요니치 | E8: 김동민 | F8: 최우진 | G8: 정동윤 | H8: 이명주 | I8: 음포쿠 | J8: 박승호 | K8: 무고사 | L8: 백민규 | M8: 문지환 | N8: 김성민 | O8: 김도혁 | P8: 제르소
A9: 8R | B9: 민성준 | C9: 오반석 | D9: 요니치 | E9: 김동민 | F9: 최우진 | G9: 민경현 | H9: 이명주 | I9: 문지환 | J9: 박승호 | K9: 무고사 | L9: 제르소 | M9: 권한진 | N9: 음포쿠 | O9: 김성민 | P9: 김세훈
A10: 9R | B10: 이범수 | C10: 델브리지 | D10: 요니치 | E10: 김연수 | F10: 민경현 | G10: 정동윤 | H10: 이명주 | I10: 음포쿠 | J10: 박승호 | K10: 천성훈 | L10: 송시우 | M10: 제르소 | N10: 무고사 | O10: 문지환 | P10: 최우진 | Q10: 백민규
A11: 10R | B11: 이범수 | C11: 델브리지 | D11: 권한진 | E11: 김연수 | F11: 홍시후 | G11: 정동윤 | H11: 이명주 | I11: 문지환 | J11: 박승호 | K11: 무고사 | L11: 제르소 | M11: 김도혁 | N11: 최우진 | O11: 음포쿠 | P11: 오반석 | Q11: 김동민
A12: 11R | B12: 이범수 | C12: 델브리지 | D12: 권한진 | E12: 오반석 | F12: 홍시후 | G12: 정동윤 | H12: 김도혁 | I12: 문지환 | J12: 박승호 | K12: 무고사 | L12: 김성민 | M12: 제르소 | N12: 음포쿠 | O12: 최우진 | P12: 김건희 | Q12: 김동민
A13: 12R | B13: 이범수 | C13: 델브리지 | D13: 요니치 | E13: 김연수 | F13: 최우진 | G13: 정동윤 | H13: 김도혁 | I13: 문지환 | J13: 제르소 | K13: 무고사 | L13: 김성민 | M13: 박승호 | N13: 김건희 | O13: 음포쿠 | P13: 김보섭 | Q13: 김동민
A14: 13R | B14: 민성준 | C14: 델브리지 | D14: 요니치 | E14: 김연수 | F14: 최우진 | G14: 정동윤 | H14: 김도혁 | I14: 음포쿠 | J14: 박승호 | K14: 무고사 | L14: 김성민 | M14: 문지환 | N14: 김동민 | O14: 김보섭 | P14: 홍시후 | Q14: 김건희
A15: 14R | B15: 민성준 | C15: 델브리지 | D15: 요니치 | E15: 김동민 | F15: 최우진 | G15: 홍시후 | H15: 김도혁 | I15: 문지환 | J15: 박승호 | K15: 무고사 | L15: 김성민 | M15: 음포쿠 | N15: 김보섭 | O15: 김건희 | P15: 신진호 | Q15: 천성훈
A16: 15R | B16: 민성준 | C16: 김건희 | D16: 권한진 | E16: 오반석 | F16: 김준엽 | G16: 민경현 | H16: 김도혁 | I16: 음포쿠 | J16: 박승호 | K16: 천성훈 | L16: 제르소 | M16: 김보섭 | N16: 김성민 | O16: 지언학 | P16: 델브리지 | Q16: 무고사
A17: 16R | B17: 민성준 | C17: 김동민 | D17: 요니치 | E17: 델브리지 | F17: 김준엽 | G17: 최우진 | H17: 문지환 | I17: 음포쿠 | J17: 박승호 | K17: 무고사 | L17: 김민석 | M17: 김도혁 | N17: 제르소 | O17: 신진호 | P17: 천성훈 | Q17: 정동윤
A18: 17R | B18: 이범수 | C18: 김건희 | D18: 권한진 | E18: 오반석 | F18: 김준엽 | G18: 민경현 | H18: 김도혁 | I18: 신진호 | J18: 박승호 | K18: 천성훈 | L18: 제르소 | M18: 김보섭 | N18: 음포쿠 | O18: 무고사 | P18: 정동윤 | Q18: 김성민
A19: 18R | B19: 이범수 | C19: 김동민 | D19: 요니치 | E19: 델브리지 | F19: 김준엽 | G19: 민경현 | H19: 김도혁 | I19: 신진호 | J19: 박승호 | K19: 무고사 | L19: 김성민 | M19: 김보섭 | N19: 음포쿠 | O19: 최우진 | P19: 김건희 | Q19: 정동윤
A20: 19R | B20: 이범수 | C20: 김건희 | D20: 권한진 | E20: 오반석 | F20: 김준엽 | G20: 정동윤 | H20: 김도혁 | I20: 신진호 | J20: 홍시후 | K20: 박승호 | L20: 김보섭 | M20: 무고사 | N20: 김성민 | O20: 음포쿠 | P20: 최우진
A21: 20R | B21: 민성준 | C21: 김건희 | D21: 요니치 | E21: 델브리지 | F21: 민경현 | G21: 최우진 | H21: 김도혁 | I21: 신진호 | J21: 음포쿠 | K21: 무고사 | L21: 김보섭 | M21: 정동윤 | N21: 홍시후 | O21: 김세훈 | P21: 김민석
A22: 21R | B22: 이범수 | C22: 김연수 | D22: 요니치 | E22: 델브리지 | F22: 홍시후 | G22: 정동윤 | H22: 김건희 | I22: 신진호 | J22: 백민규 | K22: 무고사 | L22: 이종욱 | M22: 오반석 | N22: 김보섭 | O22: 김성민 | P22: 문지환 | Q22: 김준엽
A23: 22R | B23: 이범수 | C23: 김건희 | D23: 요니치 | E23: 김연수 | F23: 홍시후 | G23: 최우진 | H23: 정동윤 | I23: 신진호 | J23: 문지환 | K23: 무고사 | L23: 이종욱 | M23: 김보섭 | N23: 김성민 | O23: 이명주
A24: 23R | B24: 이범수 | C24: 김건희 | D24: 요니치 | E24: 김연수 | F24: 정동윤 | G24: 김준엽 | H24: 신진호 | I24: 문지환 | J24: 홍시후 | K24: 무고사 | L24: 김보섭 | M24: 이명주 | N24: 김성민 | O24: 지언학 | P24: 최우진
A25: 24R | B25: 이범수 | C25: 김건희 | D25: 요니치 | E25: 김동민 | F25: 정동윤 | G25: 김준엽 | H25: 신진호 | I25: 문지환 | J25: 이명주 | K25: 무고사 | L25: 김보섭 | M25: 음포쿠 | N25: 홍시후 | O25: 김성민 | P25: 델브리지 | Q25: 최우진
A26: 25R | B26: 이범수 | C26: 김건희 | D26: 요니치 | E26: 델브리지 | F26: 정동윤 | G26: 김준엽 | H26: 이명주 | I26: 음포쿠 | J26: 홍시후 | K26: 무고사 | L26: 김성민 | M26: 김보섭 | N26: 신진호 | O26: 문지환
A27: 26R | B27: 이범수 | C27: 델브리지 | D27: 요니치 | E27: 최우진 | F27: 정동윤 | G27: 신진호 | H27: 이명주 | I27: 음포쿠 | J27: 김보섭 | K27: 무고사 | L27: 김성민 | M27: 김건희 | N27: 김동민 | O27: 박승호 | P27: 홍시후 | Q27: 김도혁
A28: 27R | B28: 이범수 | C28: 김건희 | D28: 요니치 | E28: 최우진 | F28: 정동윤 | G28: 신진호 | H28: 이명주 | I28: 음포쿠 | J28: 김도혁 | K28: 무고사 | L28: 박승호 | M28: 김보섭 | N28: 제르소 | O28: 김동민 | P28: 민성준 | Q28: 지언학
A29: 28R | B29: 민성준 | C29: 김건희 | D29: 요니치 | E29: 최우진 | F29: 정동윤 | G29: 신진호 | H29: 이명주 | I29: 김도혁 | J29: 제르소 | K29: 무고사 | L29: 김성민 | M29: 김보섭 | N29: 박승호 | O29: 김동민 | P29: 문지환 | Q29: 민경현
A30: 29R | B30: 민성준 | C30: 김건희 | D30: 요니치 | E30: 최우진 | F30: 김동민 | G30: 신진호 | H30: 이명주 | I30: 김도혁 | J30: 제르소 | K30: 무고사 | L30: 홍시후 | M30: 김보섭 | N30: 박승호 | O30: 음포쿠 | P30: 정동윤 | Q30: 민경현
A31: 30R | B31: 민성준 | C31: 김건희 | D31: 요니치 | E31: 민경현 | F31: 정동윤 | G31: 신진호 | H31: 이명주 | I31: 김도혁 | J31: 제르소 | K31: 김보섭 | L31: 음포쿠 | M31: 김준엽 | N31: 최우진 | O31: 홍시후 | P31: 박승호 | Q31: 무고사
A32: 31R | B32: 이범수 | C32: 김건희 | D32: 요니치 | E32: 민경현 | F32: 김준엽 | G32: 정동윤 | H32: 이명주 | I32: 김도혁 | J32: 김성민 | K32: 무고사 | L32: 김민석 | M32: 김보섭 | N32: 제르소 | O32: 음포쿠 | P32: 최우진 | Q32: 신진호
A33: 32R | B33: 이범수 | C33: 김건희 | D33: 요니치 | E33: 민경현 | F33: 김준엽 | G33: 신진호 | H33: 이명주 | I33: 김도혁 | J33: 제르소 | K33: 무고사 | L33: 김민석 | M33: 김보섭 | N33: 김성민 | O33: 정동윤 | P33: 최우진
A34: 33R | B34: 이범수 | C34: 김건희 | D34: 요니치 | E34: 최우진 | F34: 민경현 | G34: 정동윤 | H34: 이명주 | I34: 김도혁 | J34: 음포쿠 | K34: 무고사 | L34: 김보섭 | M34: 김성민 | N34: 제르소 | O34: 홍시후 | P34: 김동민 | Q34: 김연수
A35: 34R | B35: 이범수 | C35: 김건희 | D35: 김동민 | E35: 김연수 | F35: 홍시후 | G35: 정동윤 | H35: 이명주 | I35: 김도혁 | J35: 문지환 | K35: 제르소 | L35: 백민규 | M35: 오반석 | N35: 무고사 | O35: 김준엽 | P35: 민경현 | Q35: 송시우
A36: 35R | B36: 이범수 | C36: 김건희 | D36: 김동민 | E36: 김연수 | F36: 홍시후 | G36: 정동윤 | H36: 이명주 | I36: 김도혁 | J36: 문지환 | K36: 제르소 | L36: 무고사 | M36: 오반석 | N36: 백민규 | O36: 김준엽 | P36: 지언학
A37: 36R
A38: 37R
A39: 38R

Sheet 관중기록
A2: 시즌 | B2: 총관중수 | C2: 경기 | D2: 평균관중 | E2: 경기장 | F2: 비고
A3: 2004 | B3: 142821 | C3: 12 | D3: 11902 | E3: 문학
A4: 2005 | B4: 316591 | C4: 13 | D4: 24353 | E4: 문학
A5: 2006 | B5: 149559 | C5: 13 | D5: 11505 | E5: 문학
A6: 2007 | B6: 216728 | C6: 13 | D6: 16671 | E6: 문학
A7: 2008 | B7: 175023 | C7: 13 | D7: 13463 | E7: 문학
A8: 2009 | B8: 146985 | C8: 14 | D8: 10499 | E8: 문학
A9: 2010 | B9: 119990 | C9: 14 | D9: 8571 | E9: 문학
A10: 2011 | B10: 113432 | C10: 15 | D10: 7562 | E10: 문학
A11: 2012 | B11: 82549 | C11: 22 | D11: 3752 | E11: 숭의
A12: 2013 | B12: 134472 | C12: 19 | D12: 7077 | E12: 숭의
A13: 2014 | B13: 86815 | C13: 19 | D13: 4569 | E13: 숭의
A14: 2015 | B14: 97250 | C14: 20 | D14: 4863 | E14: 숭의
... A16: 2017 | B16: 70025 | C16: 19 | D16: 3686 | E16: 숭의
A17: 2018 | B17: 84151 | C17: 19 | D17: 4429 | E17: 숭의 | F17: 유료관중 집계
A18: 2019 | B18: 161593 | C18: 19 | D18: 8505 | E18: 숭의
A19: 2020 | B19: 6849 | C19: 13 | D19: 527 | E19: 숭의 | F19: 코로나
A20: 2021 | B20: 24925 | C20: 19 | D20: 1312 | E20: 숭의 | F20: 코로나
A21: 2022 | B21: 99968 | C21: 19 | D21: 5261 | E21: 숭의
A22: 2023 | B22: 169826 | C22: 19 | D22: 8938 | E22: 숭의
A23: 2024 | B23: =185155+8257 -> 193412 | C23: 18 | D23: =B23/C23 -> 10745.111 | E23: 숭의 | F23: 잔여홈1경기

Sheet Sheet1
B1: 2020시즌 | M1: K리그
B2: 홈/원정 | C2: 경기 | D2: 승 | E2: 무 | F2: 패 | G2: 승점 | H2: 승률 | I2: 득점 | J2: 실점 | K2: 득실 | M2: 홈/원정 | N2: 경기 | O2: 승 | P2: 무 | Q2: 패 | R2: 승점 | S2: 승률 | T2: 득점 | U2: 실점 | V2: 득실
B3: 홈 | C3: =SUM(D3:F3) -> 6 | D3: 3 | E3: 0 | F3: 3 | G3: =D3*3+E3 -> 9 | H3: =D3/C3 -> 0.5 | I3: 4 | J3: 5 | K3: =I3-J3 -> -1 | M3: 홈 | N3: =SUM(O3:Q3) -> 66 | O3: =SUM(D3,D18,D36,D54,D72) -> 25 | P3: =SUM(E3,E18,E36,E54,E72) -> 22 | Q3: =SUM(F3,F18,F36,F54,F72) -> 19 | R3: =O3*3+P3 -> 97 | S3: =O3/N3 -> 0.37878788 | T3: =SUM(I3,I18,I36,I54,I72) -> 70 | U3: =SUM(J3,J18,J36,J54,J72) -> 56 | V3: =T3-U3 -> 14
B4: 원정 | C4: =SUM(D4:F4) -> 7 | D4: 4 | E4: 1 | F4: 2 | G4: =D4*3+E4 -> 13 | H4: =D4/C4 -> 0.57142857 | I4: 13 | J4: 8 | K4: =I4-J4 -> 5 | M4: 원정 | N4: =SUM(O4:Q4) -> 66 | O4: =SUM(D4,D19,D37,D55,D73) -> 23 | P4: =SUM(E4,E19,E37,E55,E73) -> 21 | Q4: =SUM(F4,F19,F37,F55,F73) -> 22 | R4: =O4*3+P4 -> 90 | S4: =O4/N4 -> 0.34848485 | T4: =SUM(I4,I19,I37,I55,I73) -> 85 | U4: =SUM(J4,J19,J37,J55,J73) -> 92 | V4: =T4-U4 -> -7
B5: 총합 | C5: =SUM(C3:C4) -> 13 | D5: =SUM(D3:D4) -> 7 | E5: =SUM(E3:E4) -> 1 | F5: =SUM(F3:F4) -> 5 | G5: =SUM(G3:G4) -> 22 | H5: =D5/C5 -> 0.53846154 | I5: =SUM(I3:I4) -> 17 | J5: =SUM(J3:J4) -> 13 | K5: =SUM(K3:K4) -> 4 | M5: 총합 | N5: =SUM(N3:N4) -> 132 | O5: =SUM(O3:O4) -> 48 | P5: =SUM(P3:P4) -> 43 | Q5: =SUM(Q3:Q4) -> 41 | R5: =SUM(R3:R4) -> 187 | S5: =O5/N5 -> 0.36363636 | T5: =SUM(T3:T4) -> 155 | U5: =SUM(U3:U4) -> 148 | V5: =SUM(V3:V4) -> 7
B6: 팀명 | C6: 경기 | D6: 승 | E6: 무 | F6: 패 | G6: 승점 | H6: 승률 | I6: 득점 | J6: 실점 | K6: 득실
B7: 울산 | C7: 1 | D7: 0 | E7: 0 | F7: 1 | G7: 0 | H7: =D7/C7 -> 0 | I7: 0 | J7: 1 | K7: =I7-J7 -> -1
B8: 대구 | C8: 1 | D8: 1 | E8: 0 | F8: 0 | G8: 3 | H8: =D8/C8 -> 1 | I8: 1 | J8: 0 | K8: =I8-J8 -> 1
B9: 부산 | C9: 2 | D9: 1 | E9: 1 | F9: 0 | G9: 4 | H9: =D9/C9 -> 0.5 | I9: 2 | J9: 1 | K9: =I9-J9 -> 1
B10: 수원 | C10: 2 | D10: 1 | E10: 0 | F10: 1 | G10: 3 | H10: =D10/C10 -> 0.5 | I10: 1 | J10: 1 | K10: =I10-J10 -> 0
B11: 서울 | C11: 2 | D11: 2 | E11: 0 | F11: 0 | G11: 6 | H11: =D11/C11 -> 1 | I11: 2 | J11: 0 | K11: =I11-J11 -> 2
B12: 성남 | C12: 2 | D12: 1 | E12: 0 | F12: 1 | G12: 3 | H12: =D12/C12 -> 0.5 | I12: 6 | J12: 2 | K12: =I12-J12 -> 4
B13: 강원 | C13: 2 | D13: 1 | E13: 0 | F13: 1 | G13: 3 | H13: =D13/C13 -> 0.5 | I13: 4 | J13: 5 | K13: =I13-J13 -> -1
B14: 상주 | C14: 1 | D14: 0 | E14: 0 | F14: 1 | G14: 0 | H14: =D14/C14 -> 0 | I14: 1 | J14: 3 | K14: =I14-J14 -> -2
B16: 2021시즌
B17: 홈/원정 | C17: 경기 | D17: 승 | E17: 무 | F17: 패 | G17: 승점 | H17: 승률 | I17: 득점 | J17: 실점 | K17: 득실
B18: 홈 | C18: 19 | D18: 7 | E18: 6 | F18: 6 | G18: 27 | H18: 0.36842105 | I18: 17 | J18: 14 | K18: 3
B19: 원정 | C19: 19 | D19: 5 | E19: 5 | F19: 9 | G19: 20 | H19: 0.26315789 | I19: 21 | J19: 31 | K19: -10
B20: 총합 | C20: 38 | D20: 12 | E20: 11 | F20: 15 | G20: 47 | H20: 0.31578947 | I20: 38 | J20: 45 | K20: -7
B21: 팀명 | C21: 경기 | D21: 승 | E21: 무 | F21: 패 | G21: 승점 | H21: 승률 | I21: 득점 | J21: 실점 | K21: 득실
B22: 전북 | C22: 3 | D22: 0 | E22: 1 | F22: 2 | G22: 1 | H22: 0 | I22: 1 | J22: 8 | K22: -7
B23: 울산 | C23: 3 | D23: 0 | E23: 1 | F23: 2 | G23: 1 | H23: 0 | I23: 3 | J23: 6 | K23: -3
B24: 대구 | C24: 3 | D24: 2 | E24: 0 | F24: 1 | G24: 6 | H24: 0.66666667 | I24: 4 | J24: 4 | K24: 0
B25: 제주 | C25: 3 | D25: 1 | E25: 0 | F25: 2 | G25: 3 | H25: 0.33333333 | I25: 5 | J25: 6 | K25: -1
B26: 수F | C26: 3 | D26: 1 | E26: 2 | F26: 0 | G26: 5 | H26: 0.33333333 | I26: 6 | J26: 3 | K26: 3
B27: 수원 | C27: 3 | D27: 1 | E27: 1 | F27: 1 | G27: 4 | H27: 0.33333333 | I27: 2 | J27: 2 | K27: 0
B28: 포항 | C28: 4 | D28: 1 | E28: 2 | F28: 1 | G28: 5 | H28: 0.25 | I28: 3 | J28: 3 | K28: 0
B29: 서울 | C29: 4 | D29: 2 | E29: 1 | F29: 1 | G29: 7 | H29: 0.5 | I29: 3 | J29: 1 | K29: 2
B30: 성남 | C30: 4 | D30: 2 | E30: 1 | F30: 1 | G30: 7 | H30: 0.5 | I30: 5 | J30: 3 | K30: 2
B31: 강원 | C31: 4 | D31: 1 | E31: 1 | F31: 2 | G31: 4 | H31: 0.25 | I31: 2 | J31: 4 | K31: -2
B32: 광주 | C32: 4 | D32: 1 | E32: 1 | F32: 2 | G32: 4 | H32: 0.25 | I32: 4 | J32: 5 | K32: -1
B34: 2022시즌
B35: 홈/원정 | C35: 경기 | D35: 승 | E35: 무 | F35: 패 | G35: 승점 | H35: 승률 | I35: 득점 | J35: 실점 | K35: 득실
B36: 홈 | C36: 20 | D36: 7 | E36: 8 | F36: 5 | G36: 29 | H36: 0.35 | I36: 23 | J36: 18 | K36: 5
B37: 원정 | C37: 18 | D37: 6 | E37: 7 | F37: 5 | G37: 25 | H37: 0.33333333 | I37: 23 | J37: 24 | K37: -1
B38: 총합 | C38: 38 | D38: 13 | E38: 15 | F38: 10 | G38: 54 | H38: 0.34210526 | I38: 46 | J38: 42 | K38: 4
B39: 팀명 | C39: 경기 | D39: 승 | E39: 무 | F39: 패 | G39: 승점 | H39: 승률 | I39: 득점 | J39: 실점 | K39: 득실
B40: 전북 | C40: 4 | D40: 1 | E40: 1 | F40: 2 | G40: 4 | H40: 0.25 | I40: 6 | J40: 6 | K40: 0
B41: 울산 | C41: 4 | D41: 0 | E41: 3 | F41: 1 | G41: 3 | H41: 0 | I41: 3 | J41: 6 | K41: -3
B42: 포항 | C42: 4 | D42: 0 | E42: 2 | F42: 2 | G42: 2 | H42: 0 | I42: 2 | J42: 5 | K42: -3
B43: 제주 | C43: 4 | D43: 2 | E43: 1 | F43: 1 | G43: 7 | H43: 0.5 | I43: 7 | J43: 5 | K43: 2
B44: 강원 | C44: 4 | D44: 2 | E44: 1 | F44: 1 | G44: 7 | H44: 0.5 | I44: 5 | J44: 2 | K44: 3
B45: 수F | C45: 3 | D45: 0 | E45: 2 | F45: 1 | G45: 2 | H45: 0 | I45: 3 | J45: 4 | K45: -1
B46: 서울 | C46: 3 | D46: 1 | E46: 2 | F46: 0 | G46: 5 | H46: 0.33333333 | I46: 4 | J46: 2 | K46: 2
B47: 대구 | C47: 3 | D47: 2 | E47: 1 | F47: 0 | G47: 7 | H47: 0.66666667 | I47: 7 | J47: 5 | K47: 2
B48: 수원 | C48: 3 | D48: 1 | E48: 2 | F48: 0 | G48: 5 | H48: 0.33333333 | I48: 4 | J48: 3 | K48: 1
B49: 김천 | C49: 3 | D49: 2 | E49: 0 | F49: 1 | G49: 6 | H49: 0.66666667 | I49: 2 | J49: 1 | K49: 1
B50: 성남 | C50: 3 | D50: 2 | E50: 0 | F50: 1 | G50: 6 | H50: 0.66666667 | I50: 3 | J50: 3 | K50: 0
B52: 2023시즌
B53: 홈/원정 | C53: 경기 | D53: 승 | E53: 무 | F53: 패 | G53: 승점 | H53: 승률 | I53: 득점 | J53: 실점 | K53: 득실
B54: 홈 | C54: 19 | D54: 7 | E54: 8 | F54: 4 | G54: 29 | H54: 0.36842105 | I54: 24 | J54: 18 | K54: 6
B55: 원정 | C55: 19 | D55: 7 | E55: 6 | F55: 6 | G55: 27 | H55: 0.36842105 | I55: 22 | J55: 24 | K55: -2
B56: 총합 | C56: 38 | D56: 14 | E56: 14 | F56: 10 | G56: 56 | H56: 0.36842105 | I56: 46 | J56: 42 | K56: 4
B57: 팀명 | C57: 경기 | D57: 승 | E57: 무 | F57: 패 | G57: 승점 | H57: 승률 | I57: 득점 | J57: 실점 | K57: 득실
B58: 울산 | C58: 4 | D58: 2 | E58: 1 | F58: 1 | G58: 7 | H58: 0.5 | I58: 5 | J58: 3 | K58: 2
B59: 전북 | C59: 4 | D59: 0 | E59: 2 | F59: 2 | G59: 2 | H59: 0 | I59: 1 | J59: 5 | K59: -4
B60: 포항 | C60: 4 | D60: 1 | E60: 1 | F60: 2 | G60: 4 | H60: 0.25 | I60: 3 | J60: 4 | K60: -1
B61: 제주 | C61: 3 | D61: 2 | E61: 0 | F61: 1 | G61: 6 | H61: 0.66666667 | I61: 3 | J61: 3 | K61: 0
B62: 강원 | C62: 3 | D62: 2 | E62: 1 | F62: 0 | G62: 7 | H62: 0.66666667 | I62: 4 | J62: 1 | K62: 3
B63: 수F | C63: 3 | D63: 1 | E63: 2 | F63: 0 | G63: 5 | H63: 0.33333333 | I63: 6 | J63: 5 | K63: 1
B64: 서울 | C64: 3 | D64: 1 | E64: 1 | F64: 1 | G64: 4 | H64: 0.33333333 | I64: 3 | J64: 3 | K64: 0
B65: 대구 | C65: 4 | D65: 1 | E65: 2 | F65: 1 | G65: 5 | H65: 0.25 | I65: 6 | J65: 5 | K65: 1
B66: 수원 | C66: 3 | D66: 1 | E66: 1 | F66: 1 | G66: 4 | H66: 0.33333333 | I66: 2 | J66: 1 | K66: 1
B67: 광주 | C67: 4 | D67: 1 | E67: 2 | F67: 1 | G67: 5 | H67: 0.25 | I67: 5 | J67: 8 | K67: -3
B68: 대전 | C68: 3 | D68: 2 | E68: 1 | F68: 0 | G68: 7 | H68: 0.66666667 | I68: 8 | J68: 4 | K68: 4
B70: 2024시즌
B71: 홈/원정 | C71: 경기 | D71: 승 | E71: 무 | F71: 패 | G71: 승점 | H71: 승률 | I71: 득점 | J71: 실점 | K71: 득실
B72: 홈 | C72: 2 | D72: 1 | E72: 0 | F72: 1 | G72: 3 | H72: 0.5 | I72: 2 | J72: 1 | K72: 1
B73: 원정 | C73: 3 | D73: 1 | E73: 2 | F73: 0 | G73: 5 | H73: 0.33333333 | I73: 6 | J73: 5 | K73: 1
B74: 총합 | C74: 5 | D74: 2 | E74: 2 | F74: 1 | G74: 8 | H74: 0.4 | I74: 8 | J74: 6 | K74: 2
B75: 팀명 | C75: 경기 | D75: 승 | E75: 무 | F75: 패 | G75: 승점 | H75: 승률 | I75: 득점 | J75: 실점 | K75: 득실
B76: 울산 | C76: 1 | D76: 0 | E76: 1 | F76: 0 | G76: 1 | H76: 0 | I76: 3 | J76: 3 | K76: 0
B77: 포항 | C77: 0 | D77: 0 | E77: 0 | F77: 0 | G77: 0 | H77: 0 | I77: 0 | J77: 0 | K77: 0
B78: 광주 | C78: 1 | D78: 1 | E78: 0 | F78: 0 | G78: 3 | H78: 1 | I78: 3 | J78: 2 | K78: 1
B79: 전북 | C79: 0 | D79: 0 | E79: 0 | F79: 0 | G79: 0 | H79: 0 | I79: 0 | J79: 0 | K79: 0
B80: 대구 | C80: 0 | D80: 0 | E80: 0 | F80: 0 | G80: 0 | H80: 0 | I80: 0 | J80: 0 | K80: 0
B81: 서울 | C81: 1 | D81: 0 | E81: 1 | F81: 0 | G81: 1 | H81: 0 | I81: 0 | J81: 0 | K81: 0
B82: 대전 | C82: 1 | D82: 1 | E82: 0 | F82: 0 | G82: 3 | H82: 1 | I82: 2 | J82: 0 | K82: 2
B83: 제주 | C83: 0 | D83: 0 | E83: 0 | F83: 0 | G83: 0 | H83: 0 | I83: 0 | J83: 0 | K83: 0
B84: 수F | C84: 1 | D84: 0 | E84: 0 | F84: 1 | G84: 0 | H84: 0 | I84: 0 | J84: 1 | K84: -1
B85: 강원 | C85: 0 | D85: 0 | E85: 0 | F85: 0 | G85: 0 | H85: 0 | I85: 0 | J85: 0 | K85: 0
B86: 김천 | C86: 0 | D86: 0 | E86: 0 | F86: 0 | G86: 0 | H86: 0 | I86: 0 | J86: 0 | K86: 0

Sheet 2023 토탈
A2: 대회 | B2: 일자 | C2: 라운드 | D2: 상대팀 | E2: 홈/원정 | F2: 득점 | G2: 실점 | H2: 중계채널 | I2: 해설 | J2: 캐스터 | K2: 결과 | L2: 득점1 | M2: 득점2 | N2: 득점3 | O2: 득점4 | P2: 득점5 | Q2: 도움1 | R2: 도움2 | S2: 도움3 | T2: 도움4 | U2: 도움5 | V2: 홈 관중 | X2: 이름 | Y2: 득점 | Z2: 도움 | AA2: 합계 | AD2: 중계채널 | AE2: 경기 | AF2: 승 | AG2: 무 | AH2: 패 | AI2: 승점 | AJ2: 승률 | AK2: 평균승점 | AR2: 해설자 | AS2: 경기 | AT2: 승 | AU2: 무 | AV2: 패 | AW2: 승점 | AX2: 승률 | AY2: 평균승점
A3: K리그 | B3: 44982 | C3: 1 | D3: 서울 | E3: 원정 | F3: 1 | G3: 2 | H3: jtbc | I3: 김환 | J3: 임경진 | K3: 패 | L3: 오반석 | X3: 에르난데스 | Y3: =COUNTIF(L$3:P$50,X3) -> 12 | Z3: =COUNTIF(Q$3:U$50,X3) -> 5 | AA3: =Y3+Z3 -> 17 | AD3: JTBC | AE3: =SUM(AF3:AH3) -> 14 | AF3: =COUNTIFS(H:H,AD3,K:K,AF$2) -> 2 | AG3: =COUNTIFS(H:H,AD3,K:K,AG$2) -> 8 | AH3: =COUNTIFS(H:H,AD3,K:K,AH$2) -> 4 | AI3: =AF3*3+AG3 -> 14 | AJ3: =AF3/AE3 -> 0.14285714 | AK3: =AI3/AE3 -> 1 | AR3: 강성주 | AS3: =SUM(AT3:AV3) -> 4 | AT3: =COUNTIFS(I:I,AR3,K:K,AT$2) -> 2 | AU3: =COUNTIFS(I:I,AR3,K:K,AU$2) -> 0 | AV3: =COUNTIFS(I:I,AR3,K:K,AV$2) -> 2 | AW3: =AT3*3+AU3 -> 6 | AX3: =AT3/AS3 -> 0.5 | AY3: =AW3/AS3 -> 1.5
A4: K리그 | B4: 44989 | C4: 2 | D4: 대전 | E4: 홈 | F4: 3 | G4: 3 | H4: jtbc | I4: 김형범 | J4: 임경진 | K4: 무 | L4: 이명주 | M4: 에르난데스 | N4: 음포쿠 | R4: 송시우 | V4: 10011 | X4: 제르소 | Y4: =COUNTIF(L$3:P$50,X4) -> 10 | Z4: =COUNTIF(Q$3:U$50,X4) -> 9 | AA4: =Y4+Z4 -> 19 | AD4: 스카이 | AE4: =SUM(AF4:AH4) -> 18 | AF4: =COUNTIFS(H:H,AD4,K:K,AF$2) -> 10 | AG4: =COUNTIFS(H:H,AD4,K:K,AG$2) -> 4 | AH4: =COUNTIFS(H:H,AD4,K:K,AH$2) -> 4 | AI4: =AF4*3+AG4 -> 34 | AJ4: =AF4/AE4 -> 0.55555556 | AK4: =AI4/AE4 -> 1.8888889 | AR4: 김대길 | AS4: =SUM(AT4:AV4) -> 2 | AT4: =COUNTIFS(I:I,AR4,K:K,AT$2) -> 2 | AU4: =COUNTIFS(I:I,AR4,K:K,AU$2) -> 0 | AV4: =COUNTIFS(I:I,AR4,K:K,AV$2) -> 0 | AW4: =AT4*3+AU4 -> 6 | AX4: =AT4/AS4 -> 1 | AY4: =AW4/AS4 -> 3
A5: K리그 | B5: 44997 | C5: 3 | D5: 제주 | E5: 홈 | F5: 1 | G5: 0 | H5: 스카이 | I5: 이상윤 | J5: 박봉서 | K5: 승 | L5: 제르소 | Q5: 에르난데스 | V5: 6007 | X5: 음포쿠 | Y5: =COUNTIF(L$3:P$50,X5) -> 5 | Z5: =COUNTIF(Q$3:U$50,X5) -> 5 | AA5: =Y5+Z5 -> 10 | AD5: IB | AE5: =SUM(AF5:AH5) -> 8 | AF5: =COUNTIFS(H:H,AD5,K:K,AF$2) -> 3 | AG5: =COUNTIFS(H:H,AD5,K:K,AG$2) -> 2 | AH5: =COUNTIFS(H:H,AD5,K:K,AH$2) -> 3 | AI5: =AF5*3+AG5 -> 11 | AJ5: =AF5/AE5 -> 0.375 | AK5: =AI5/AE5 -> 1.375 | AR5: 김형범 | AS5: =SUM(AT5:AV5) -> 7 | AT5: =COUNTIFS(I:I,AR5,K:K,AT$2) -> 2 | AU5: =COUNTIFS(I:I,AR5,K:K,AU$2) -> 4 | AV5: =COUNTIFS(I:I,AR5,K:K,AV$2) -> 1 | AW5: =AT5*3+AU5 -> 10 | AX5: =AT5/AS5 -> 0.28571429 | AY5: =AW5/AS5 -> 1.4285714
A6: K리그 | B6: 45003 | C6: 4 | D6: 광주 | E6: 원정 | F6: 0 | G6: 5 | H6: ib | I6: 강성주 | J6: 김태우 | K6: 패 | X6: 김보섭 | Y6: =COUNTIF(L$3:P$50,X6) -> 3 | Z6: =COUNTIF(Q$3:U$50,X6) -> 6 | AA6: =Y6+Z6 -> 9 | AD6: TVN | AE6: =SUM(AF6:AH6) -> 6 | AF6: =COUNTIFS(H:H,AD6,K:K,AF$2) -> 4 | AG6: =COUNTIFS(H:H,AD6,K:K,AG$2) -> 0 | AH6: =COUNTIFS(H:H,AD6,K:K,AH$2) -> 2 | AI6: =AF6*3+AG6 -> 12 | AJ6: =AF6/AE6 -> 0.66666667 | AK6: =AI6/AE6 -> 2 | AR6: 김환 | AS6: =SUM(AT6:AV6) -> 2 | AT6: =COUNTIFS(I:I,AR6,K:K,AT$2) -> 0 | AU6: =COUNTIFS(I:I,AR6,K:K,AU$2) -> 1 | AV6: =COUNTIFS(I:I,AR6,K:K,AV$2) -> 1 | AW6: =AT6*3+AU6 -> 1 | AX6: =AT6/AS6 -> 0 | AY6: =AW6/AS6 -> 0.5
A7: K리그 | B7: 45017 | C7: 5 | D7: 대구 | E7: 홈 | F7: 0 | G7: 0 | H7: 스카이 | I7: 이상윤 | J7: 박봉서 | K7: 무 | V7: 8250 | X7: 천성훈 | Y7: =COUNTIF(L$3:P$50,X7) -> 9 | Z7: =COUNTIF(Q$3:U$50,X7) -> 0 | AA7: =Y7+Z7 -> 9 | AD7: 인터넷 | AE7: =SUM(AF7:AH7) -> 2 | AF7: =COUNTIFS(H:H,AD7,K:K,AF$2) -> 2 | AG7: =COUNTIFS(H:H,AD7,K:K,AG$2) -> 0 | AH7: =COUNTIFS(H:H,AD7,K:K,AH$2) -> 0 | AI7: =AF7*3+AG7 -> 6 | AJ7: =AF7/AE7 -> 1 | AK7: =AI7/AE7 -> 3 | AR7: 박문성 | AS7: =SUM(AT7:AV7) -> 9 | AT7: =COUNTIFS(I:I,AR7,K:K,AT$2) -> 4 | AU7: =COUNTIFS(I:I,AR7,K:K,AU$2) -> 1 | AV7: =COUNTIFS(I:I,AR7,K:K,AV$2) -> 4 | AW7: =AT7*3+AU7 -> 13 | AX7: =AT7/AS7 -> 0.44444444 | AY7: =AW7/AS7 -> 1.4444444
A8: K리그 | B8: 45025 | C8: 6 | D8: 전북 | E8: 원정 | F8: 0 | G8: 2 | H8: 스카이 | I8: 박문성 | J8: 배성재 | K8: 패 | X8: 무고사 | Y8: =COUNTIF(L$3:P$50,X8) -> 5 | Z8: =COUNTIF(Q$3:U$50,X8) -> 2 | AA8: =Y8+Z8 -> 7 | AC8: 홈/원정 | AD8: 중계채널 | AE8: 경기 | AF8: 승 | AG8: 무 | AH8: 패 | AI8: 승점 | AJ8: 승률 | AK8: 평균승점 | AR8: 이상윤 | AS8: =SUM(AT8:AV8) -> 5 | AT8: =COUNTIFS(I:I,AR8,K:K,AT$2) -> 3 | AU8: =COUNTIFS(I:I,AR8,K:K,AU$2) -> 1 | AV8: =COUNTIFS(I:I,AR8,K:K,AV$2) -> 1 | AW8: =AT8*3+AU8 -> 10 | AX8: =AT8/AS8 -> 0.6 | AY8: =AW8/AS8 -> 2
A9: K리그 | B9: 45032 | C9: 7 | D9: 강원 | E9: 원정 | F9: 2 | G9: 0 | H9: ib | I9: 강성주 | J9: 김태우 | K9: 승 | L9: 김준엽 | M9: 에르난데스 | Q9: 제르소 | X9: 홍시후 | Y9: =COUNTIF(L$3:P$50,X9) -> 4 | Z9: =COUNTIF(Q$3:U$50,X9) -> 2 | AA9: =Y9+Z9 -> 6 | AC9: 홈 | AD9: JTBC | AE9: =SUM(AF9:AH9) -> 8 | AF9: =COUNTIFS(E:E,AC9,H:H,AD9,K:K,AF$8) -> 1 | AG9: =COUNTIFS(E:E,AC9,H:H,AD9,K:K,AG$8) -> 5 | AH9: =COUNTIFS(E:E,AC9,H:H,AD9,K:K,AH$8) -> 2 | AI9: =AF9*3+AG9 -> 8 | AJ9: =AF9/AE9 -> 0.125 | AK9: =AI9/AE9 -> 1 | AR9: 차상엽 | AS9: =SUM(AT9:AV9) -> 3 | AT9: =COUNTIFS(I:I,AR9,K:K,AT$2) -> 0 | AU9: =COUNTIFS(I:I,AR9,K:K,AU$2) -> 2 | AV9: =COUNTIFS(I:I,AR9,K:K,AV$2) -> 1 | AW9: =AT9*3+AU9 -> 2 | AX9: =AT9/AS9 -> 0 | AY9: =AW9/AS9 -> 0.66666667
A10: K리그 | B10: 45038 | C10: 8 | D10: 수F | E10: 홈 | F10: 2 | G10: 2 | H10: jtbc | I10: 차상엽 | J10: 윤영주 | K10: 무 | L10: 천성훈 | M10: 천성훈 | Q10: 에르난데스 | R10: 민경현 | V10: 8215 | X10: 김민석 | Y10: =COUNTIF(L$3:P$50,X10) -> 2 | Z10: =COUNTIF(Q$3:U$50,X10) -> 1 | AA10: =Y10+Z10 -> 3 | AC10: 홈 | AD10: 스카이 | AE10: =SUM(AF10:AH10) -> 10 | AF10: =COUNTIFS(E:E,AC10,H:H,AD10,K:K,AF$8) -> 5 | AG10: =COUNTIFS(E:E,AC10,H:H,AD10,K:K,AG$8) -> 3 | AH10: =COUNTIFS(E:E,AC10,H:H,AD10,K:K,AH$8) -> 2 | AI10: =AF10*3+AG10 -> 18 | AJ10: =AF10/AE10 -> 0.5 | AK10: =AI10/AE10 -> 1.8 | AR10: 김오성 | AS10: =SUM(AT10:AV10) -> 2 | AT10: =COUNTIFS(I:I,AR10,K:K,AT$2) -> 0 | AU10: =COUNTIFS(I:I,AR10,K:K,AU$2) -> 1 | AV10: =COUNTIFS(I:I,AR10,K:K,AV$2) -> 1 | AW10: =AT10*3+AU10 -> 1 | AX10: =AT10/AS10 -> 0 | AY10: =AW10/AS10 -> 0.5
A11: K리그 | B11: 45041 | C11: 9 | D11: 울산 | E11: 홈 | F11: 0 | G11: 1 | H11: 스카이 | I11: 박문성 | J11: 소준일 | K11: 패 | V11: 5326 | X11: 김대중 | Y11: =COUNTIF(L$3:P$50,X11) -> 0 | Z11: =COUNTIF(Q$3:U$50,X11) -> 0 | AA11: =Y11+Z11 -> 0 | AC11: 홈 | AD11: IB | AE11: =SUM(AF11:AH11) -> 2 | AF11: =COUNTIFS(E:E,AC11,H:H,AD11,K:K,AF$8) -> 2 | AG11: =COUNTIFS(E:E,AC11,H:H,AD11,K:K,AG$8) -> 0 | AH11: =COUNTIFS(E:E,AC11,H:H,AD11,K:K,AH$8) -> 0 | AI11: =AF11*3+AG11 -> 6 | AJ11: =AF11/AE11 -> 1 | AK11: =AI11/AE11 -> 3 | AR11: 정경호 | AS11: =SUM(AT11:AV11) -> 2 | AT11: =COUNTIFS(I:I,AR11,K:K,AT$2) -> 0 | AU11: =COUNTIFS(I:I,AR11,K:K,AU$2) -> 1 | AV11: =COUNTIFS(I:I,AR11,K:K,AV$2) -> 1 | AW11: =AT11*3+AU11 -> 1 | AX11: =AT11/AS11 -> 0 | AY11: =AW11/AS11 -> 0.5
A12: K리그 | B12: 45046 | C12: 10 | D12: 포항 | E12: 원정 | F12: 2 | G12: 0 | H12: 스카이 | I12: 박문성 | J12: 박봉서 | K12: 승 | L12: 문지환 | M12: 천성훈 | Q12: 김보섭 | R12: 제르소 | X12: 박승호 | Y12: =COUNTIF(L$3:P$50,X12) -> 2 | Z12: =COUNTIF(Q$3:U$50,X12) -> 0 | AA12: =Y12+Z12 -> 2 | AC12: 홈 | AD12: TVN | AE12: =SUM(AF12:AH12) -> 3 | AF12: =COUNTIFS(E:E,AC12,H:H,AD12,K:K,AF$8) -> 2 | AG12: =COUNTIFS(E:E,AC12,H:H,AD12,K:K,AG$8) -> 0 | AH12: =COUNTIFS(E:E,AC12,H:H,AD12,K:K,AH$8) -> 1 | AI12: =AF12*3+AG12 -> 6 | AJ12: =AF12/AE12 -> 0.66666667 | AK12: =AI12/AE12 -> 2 | AR12: 이황재 | AS12: =SUM(AT12:AV12) -> 4 | AT12: =COUNTIFS(I:I,AR12,K:K,AT$2) -> 2 | AU12: =COUNTIFS(I:I,AR12,K:K,AU$2) -> 2 | AV12: =COUNTIFS(I:I,AR12,K:K,AV$2) -> 0 | AW12: =AT12*3+AU12 -> 8 | AX12: =AT12/AS12 -> 0.5 | AY12: =AW12/AS12 -> 2
A13: K리그 | B13: 45051 | C13: 11 | D13: 수원 | E13: 홈 | F13: 0 | G13: 1 | H13: jtbc | I13: 정경호 | J13: 임경진 | K13: 패 | V13: 8637 | X13: 하동선 | Y13: =COUNTIF(L$3:P$50,X13) -> 0 | Z13: =COUNTIF(Q$3:U$50,X13) -> 0 | AA13: =Y13+Z13 -> 0 | AC13: 홈 | AD13: 인터넷 | AE13: =SUM(AF13:AH13) -> 2 | AF13: =COUNTIFS(E:E,AC13,H:H,AD13,K:K,AF$8) -> 2 | AG13: =COUNTIFS(E:E,AC13,H:H,AD13,K:K,AG$8) -> 0 | AH13: =COUNTIFS(E:E,AC13,H:H,AD13,K:K,AH$8) -> 0 | AI13: =AF13*3+AG13 -> 6 | AJ13: =AF13/AE13 -> 1 | AK13: =AI13/AE13 -> 3 | AR13: 박찬우 | AS13: =SUM(AT13:AV13) -> 1 | AT13: =COUNTIFS(I:I,AR13,K:K,AT$2) -> 0 | AU13: =COUNTIFS(I:I,AR13,K:K,AU$2) -> 1 | AV13: =COUNTIFS(I:I,AR13,K:K,AV$2) -> 0 | AW13: =AT13*3+AU13 -> 1 | AX13: =AT13/AS13 -> 0 | AY13: =AW13/AS13 -> 1
A14: K리그 | B14: 45056 | C14: 12 | D14: 제주 | E14: 원정 | F14: 0 | G14: 2 | H14: ib | I14: 박문성 | J14: 소준일 | K14: 패 | X14: 송시우 | Y14: =COUNTIF(L$3:P$50,X14) -> 0 | Z14: =COUNTIF(Q$3:U$50,X14) -> 1 | AA14: =Y14+Z14 -> 1 | AR14: 김민구 | AS14: =SUM(AT14:AV14) -> 2 | AT14: =COUNTIFS(I:I,AR14,K:K,AT$2) -> 2 | AU14: =COUNTIFS(I:I,AR14,K:K,AU$2) -> 0 | AV14: =COUNTIFS(I:I,AR14,K:K,AV$2) -> 0 | AW14: =AT14*3+AU14 -> 6 | AX14: =AT14/AS14 -> 1 | AY14: =AW14/AS14 -> 3
A15: K리그 | B15: 45060 | C15: 13 | D15: 전북 | E15: 홈 | F15: 0 | G15: 0 | H15: jtbc | I15: 김형범 | J15: 임경진 | K15: 무 | V15: 15738 | X15: 지언학 | Y15: =COUNTIF(L$3:P$50,X15) -> 0 | Z15: =COUNTIF(Q$3:U$50,X15) -> 0 | AA15: =Y15+Z15 -> 0 | AC15: 홈/원정 | AD15: 중계채널 | AE15: 경기 | AF15: 승 | AG15: 무 | AH15: 패 | AI15: 승점 | AJ15: 승률 | AK15: 평균승점 | AR15: 서형욱 | AS15: =SUM(AT15:AV15) -> 1 | AT15: =COUNTIFS(I:I,AR15,K:K,AT$2) -> 0 | AU15: =COUNTIFS(I:I,AR15,K:K,AU$2) -> 0 | AV15: =COUNTIFS(I:I,AR15,K:K,AV$2) -> 1 | AW15: =AT15*3+AU15 -> 0 | AX15: =AT15/AS15 -> 0 | AY15: =AW15/AS15 -> 0
A16: K리그 | B16: 45066 | C16: 14 | D16: 광주 | E16: 홈 | F16: 1 | G16: 1 | H16: 스카이 | I16: 박문성 | J16: 소준일 | K16: 무 | L16: 권한진 | V16: 6663 | X16: 이명주 | Y16: =COUNTIF(L$3:P$50,X16) -> 2 | Z16: =COUNTIF(Q$3:U$50,X16) -> 1 | AA16: =Y16+Z16 -> 3 | AC16: 원정 | AD16: JTBC | AE16: =SUM(AF16:AH16) -> 6 | AF16: =COUNTIFS(E:E,AC16,H:H,AD16,K:K,AF$15) -> 1 | AG16: =COUNTIFS(E:E,AC16,H:H,AD16,K:K,AG$15) -> 3 | AH16: =COUNTIFS(E:E,AC16,H:H,AD16,K:K,AH$15) -> 2 | AI16: =AF16*3+AG16 -> 6 | AJ16: =AF16/AE16 -> 0.16666667 | AK16: =AI16/AE16 -> 1 | AR16: 김오성 | AS16: =SUM(AT16:AV16) -> 2 | AT16: =COUNTIFS(I:I,AR16,K:K,AT$2) -> 0 | AU16: =COUNTIFS(I:I,AR16,K:K,AU$2) -> 1 | AV16: =COUNTIFS(I:I,AR16,K:K,AV$2) -> 1 | AW16: =AT16*3+AU16 -> 1 | AX16: =AT16/AS16 -> 0 | AY16: =AW16/AS16 -> 0.5
A17: K리그 | B17: 45073 | C17: 15 | D17: 대구 | E17: 원정 | F17: 2 | G17: 2 | H17: jtbc | I17: 김형범 | J17: 임경진 | K17: 무 | L17: 신진호 | M17: 홍시후 | Q17: 김보섭 | R17: 김도혁 | X17: 김도혁 | Y17: =COUNTIF(L$3:P$50,X17) -> 3 | Z17: =COUNTIF(Q$3:U$50,X17) -> 5 | AA17: =Y17+Z17 -> 8 | AC17: 원정 | AD17: 스카이 | AE17: =SUM(AF17:AH17) -> 8 | AF17: =COUNTIFS(E:E,AC17,H:H,AD17,K:K,AF$15) -> 5 | AG17: =COUNTIFS(E:E,AC17,H:H,AD17,K:K,AG$15) -> 1 | AH17: =COUNTIFS(E:E,AC17,H:H,AD17,K:K,AH$15) -> 2 | AI17: =AF17*3+AG17 -> 16 | AJ17: =AF17/AE17 -> 0.625 | AK17: =AI17/AE17 -> 2 | AR17: 박주호 | AS17: =SUM(AT17:AV17) -> 1 | AT17: =COUNTIFS(I:I,AR17,K:K,AT$2) -> 1 | AU17: =COUNTIFS(I:I,AR17,K:K,AU$2) -> 0 | AV17: =COUNTIFS(I:I,AR17,K:K,AV$2) -> 0 | AW17: =AT17*3+AU17 -> 3 | AX17: =AT17/AS17 -> 1 | AY17: =AW17/AS17 -> 3
A18: K리그 | B18: 45081 | C18: 16 | D18: 대전 | E18: 원정 | F18: 3 | G18: 1 | H18: 스카이 | I18: 박문성 | J18: 배성재 | K18: 승 | L18: 음포쿠 | M18: 김보섭 | N18: 김보섭 | R18: 음포쿠 | S18: 음포쿠 | X18: 문지환 | Y18: =COUNTIF(L$3:P$50,X18) -> 2 | Z18: =COUNTIF(Q$3:U$50,X18) -> 1 | AA18: =Y18+Z18 -> 3 | AC18: 원정 | AD18: IB | AE18: =SUM(AF18:AH18) -> 6 | AF18: =COUNTIFS(E:E,AC18,H:H,AD18,K:K,AF$15) -> 1 | AG18: =COUNTIFS(E:E,AC18,H:H,AD18,K:K,AG$15) -> 2 | AH18: =COUNTIFS(E:E,AC18,H:H,AD18,K:K,AH$15) -> 3 | AI18: =AF18*3+AG18 -> 5 | AJ18: =AF18/AE18 -> 0.16666667 | AK18: =AI18/AE18 -> 0.83333333 | AR18: 캐스터 | AS18: 경기 | AT18: 승 | AU18: 무 | AV18: 패 | AW18: 승점 | AX18: 승률 | AY18: 평균승점
A19: K리그 | B19: 45084 | C19: 17 | D19: 서울 | E19: 홈 | F19: 1 | G19: 1 | H19: jtbc | I19: 정경호 | J19: 임경진 | K19: 무 | L19: 제르소 | Q19: 김보섭 | V19: 7272 | X19: 신진호 | Y19: =COUNTIF(L$3:P$50,X19) -> 1 | Z19: =COUNTIF(Q$3:U$50,X19) -> 3 | AA19: =Y19+Z19 -> 4 | AC19: 원정 | AD19: TVN | AE19: =SUM(AF19:AH19) -> 3 | AF19: =COUNTIFS(E:E,AC19,H:H,AD19,K:K,AF$15) -> 2 | AG19: =COUNTIFS(E:E,AC19,H:H,AD19,K:K,AG$15) -> 0 | AH19: =COUNTIFS(E:E,AC19,H:H,AD19,K:K,AH$15) -> 1 | AI19: =AF19*3+AG19 -> 6 | AJ19: =AF19/AE19 -> 0.66666667 | AK19: =AI19/AE19 -> 2 | AR19: 김태우 | AS19: =SUM(AT19:AV19) -> 5 | AT19: =COUNTIFS(J:J,AR19,K:K,AT$18) -> 2 | AU19: =COUNTIFS(J:J,AR19,K:K,AU$18) -> 1 | AV19: =COUNTIFS(J:J,AR19,K:K,AV$18) -> 2 | AW19: =AT19*3+AU19 -> 7 | AX19: =AT19/AS19 -> 0.4 | AY19: =AW19/AS19 -> 1.4
A20: K리그 | B20: 45088 | C20: 18 | D20: 수원 | E20: 원정 | F20: 0 | G20: 0 | H20: jtbc | I20: 차상엽 | J20: 임경진 | K20: 무 | X20: 박현빈 | Y20: =COUNTIF(L$3:P$50,X20) -> 0 | Z20: =COUNTIF(Q$3:U$50,X20) -> 0 | AA20: =Y20+Z20 -> 0 | AC20: 원정 | AD20: 인터넷 | AE20: =SUM(AF20:AH20) -> 0 | AF20: =COUNTIFS(E:E,AC20,H:H,AD20,K:K,AF$15) -> 0 | AG20: =COUNTIFS(E:E,AC20,H:H,AD20,K:K,AG$15) -> 0 | AH20: =COUNTIFS(E:E,AC20,H:H,AD20,K:K,AH$15) -> 0 | AI20: =AF20*3+AG20 -> 0 | AR20: 박봉서 | AS20: =SUM(AT20:AV20) -> 7 | AT20: =COUNTIFS(J:J,AR20,K:K,AT$18) -> 4 | AU20: =COUNTIFS(J:J,AR20,K:K,AU$18) -> 2 | AV20: =COUNTIFS(J:J,AR20,K:K,AV$18) -> 1 | AW20: =AT20*3+AU20 -> 14 | AX20: =AT20/AS20 -> 0.57142857 | AY20: =AW20/AS20 -> 2
A21: K리그 | B21: 45102 | C21: 19 | D21: 포항 | E21: 홈 | F21: 0 | G21: 1 | H21: 스카이 | I21: 박문성 | J21: 박봉서 | K21: 패 | V21: 9367 | X21: 김현서 | Y21: =COUNTIF(L$3:P$50,X21) -> 0 | Z21: =COUNTIF(Q$3:U$50,X21) -> 0 | AA21: =Y21+Z21 -> 0 | AR21: 배성재 | AS21: =SUM(AT21:AV21) -> 4 | AT21: =COUNTIFS(J:J,AR21,K:K,AT18) -> 3 | AU21: =COUNTIFS(J:J,AR21,K:K,AU18) -> 0 | AV21: =COUNTIFS(J:J,AR21,K:K,AV18) -> 1 | AW21: =AT21*3+AU21 -> 9 | AX21: =AT21/AS21 -> 0.75 | AY21: =AW21/AS21 -> 2.25
A22: K리그 | B22: 45109 | C22: 20 | D22: 강원 | E22: 홈 | F22: 1 | G22: 0 | H22: 스카이 | I22: 이상윤 | J22: 박봉서 | K22: 승 | L22: 김민석 | Q22: 김도혁 | V22: 5076 | X22: 김세훈 | Y22: =COUNTIF(L$3:P$50,X22) -> 0 | Z22: =COUNTIF(Q$3:U$50,X22) -> 0 | AA22: =Y22+Z22 -> 0 | AR22: 소준일 | AS22: =SUM(AT22:AV22) -> 8 | AT22: =COUNTIFS(J:J,AR22,K:K,AT18) -> 3 | AU22: =COUNTIFS(J:J,AR22,K:K,AU18) -> 2 | AV22: =COUNTIFS(J:J,AR22,K:K,AV18) -> 3 | AW22: =AT22*3+AU22 -> 11 | AX22: =AT22/AS22 -> 0.375 | AY22: =AW22/AS22 -> 1.375
A23: K리그 | B23: 45115 | C23: 21 | D23: 수F | E23: 원정 | F23: 2 | G23: 2 | H23: ib | I23: 김오성 | J23: 김태우 | K23: 무 | L23: 천성훈 | M23: O.G | Q23: 김준엽 | X23: 박진홍 | Y23: =COUNTIF(L$3:P$50,X23) -> 0 | Z23: =COUNTIF(Q$3:U$50,X23) -> 0 | AA23: =Y23+Z23 -> 0 | AR23: 임경진 | AS23: =SUM(AT23:AV23) -> 12 | AT23: =COUNTIFS(J:J,AR23,K:K,$AT$18) -> 2 | AU23: =COUNTIFS(J:J,AR23,K:K,$AU$18) -> 6 | AV23: =COUNTIFS(J:J,AR23,K:K,AV$18) -> 4 | AW23: =AT23*3+AU23 -> 12 | AX23: =AT23/AS23 -> 0.16666667 | AY23: =AW23/AS23 -> 1
A24: K리그 | B24: 45119 | C24: 22 | D24: 울산 | E24: 원정 | F24: 2 | G24: 1 | H24: 스카이 | I24: 김대길 | J24: 소준일 | K24: 승 | L24: 김보섭 | M24: 에르난데스 | Q24: 에르난데스 | R24: 제르소 | X24: 김준엽 | Y24: =COUNTIF(L$3:P$50,X24) -> 1 | Z24: =COUNTIF(Q$3:U$50,X24) -> 2 | AA24: =Y24+Z24 -> 3 | AR24: 윤영주 | AS24: =SUM(AT24:AV24) -> 4 | AT24: =COUNTIFS(J:J,AR24,K:K,$AT$18) -> 2 | AU24: =COUNTIFS(J:J,AR24,K:K,$AU$18) -> 1 | AV24: =COUNTIFS(J:J,AR24,K:K,AV$18) -> 1 | AW24: =AT24*3+AU24 -> 7 | AX24: =AT24/AS24 -> 0.5 | AY24: =AW24/AS24 -> 1.75
A25: K리그 | B25: 45123 | C25: 23 | D25: 대전 | E25: 홈 | F25: 2 | G25: 0 | H25: ib | I25: 김대길 | J25: 소준일 | K25: 승 | L25: 제르소 | M25: 에르난데스 | Q25: 에르난데스 | R25: 제르소 | V25: 8925 | X25: 정동윤 | Y25: =COUNTIF(L$3:P$50,X25) -> 1 | Z25: =COUNTIF(Q$3:U$50,X25) -> 1 | AA25: =Y25+Z25 -> 2 | AD25: 홈/원정 | AE25: 경기 | AF25: 승 | AG25: 무 | AH25: 패 | AI25: 승점 | AJ25: 승률 | AK25: 득점 | AL25: 실점 | AM25: 득실 | AN25: 평균 승점 | AO25: 평균 득점 | AP25: 평균 실점 | AR25: 이인환 | AS25: =SUM(AT25:AV25) -> 1 | AT25: =COUNTIFS(J:J,AR25,K:K,$AT$18) -> 0 | AU25: =COUNTIFS(J:J,AR25,K:K,$AU$18) -> 1 | AV25: =COUNTIFS(J:J,AR25,K:K,AV$18) -> 0 | AW25: =AT25*3+AU25 -> 1 | AX25: =AT25/AS25 -> 0 | AY25: =AW25/AS25 -> 1
A26: K리그 | B26: 45129 | C26: 24 | D26: 서울 | E26: 원정 | F26: 1 | G26: 0 | H26: 스카이 | I26: 박문성 | J26: 배성재 | K26: 승 | L26: 음포쿠 | Q26: 제르소 | X26: 민경현 | Y26: =COUNTIF(L$3:P$50,X26) -> 0 | Z26: =COUNTIF(Q$3:U$50,X26) -> 3 | AA26: =Y26+Z26 -> 3 | AD26: 홈 | AE26: =SUM(AF26:AH26) -> 25 | AF26: =COUNTIFS(E:E,AD26,K:K,AF25) -> 12 | AG26: =COUNTIFS(E:E,AD26,K:K,AG25) -> 8 | AH26: =COUNTIFS(E:E,AD26,K:K,AH25) -> 5 | AI26: 0 | AJ26: =AF26/AE26 -> 0.48 | AK26: =SUMIF(E:E,AD26,F:F) -> 39 | AL26: =SUMIF(E:E,AD26,G:G) -> 24 | AM26: =AK26-AL26 -> 15 | AN26: =AI26/AE26 -> 0 | AO26: =AK26/AE26 -> 1.56 | AP26: =AL26/AE26 -> 0.96 | AR26: 정승호 | AS26: =SUM(AT26:AV26) -> 1 | AT26: =COUNTIFS(J:J,AR26,K:K,$AT$18) -> 0 | AU26: =COUNTIFS(J:J,AR26,K:K,$AU$18) -> 1 | AV26: =COUNTIFS(J:J,AR26,K:K,AV$18) -> 0 | AW26: =AT26*3+AU26 -> 1 | AX26: =AT26/AS26 -> 0 | AY26: =AW26/AS26 -> 1
A27: K리그 | B27: 45144 | C27: 25 | D27: 전북 | E27: 원정 | F27: 0 | G27: 2 | H27: jtbc | I27: 김형범 | J27: 임경진 | K27: 패 | X27: 최우진 | Y27: =COUNTIF(L$3:P$50,X27) -> 2 | Z27: =COUNTIF(Q$3:U$50,X27) -> 1 | AA27: =Y27+Z27 -> 3 | AD27: 원정 | AE27: =SUM(AF27:AH27) -> 23 | AF27: =COUNTIFS(E:E,AD27,K:K,AF25) -> 9 | AG27: =COUNTIFS(E:E,AD27,K:K,AG25) -> 6 | AH27: =COUNTIFS(E:E,AD27,K:K,AH25) -> 8 | AI27: 0 | AJ27: =AF27/AE27 -> 0.39130435 | AK27: =SUMIF(E:E,AD27,F:F) -> 31 | AL27: =SUMIF(E:E,AD27,G:G) -> 33 | AM27: =AK27-AL27 -> -2 | AN27: =AI27/AE27 -> 0 | AO27: =AK27/AE27 -> 1.3478261 | AP27: =AL27/AE27 -> 1.4347826 | AR27: 김용남 | AS27: =SUM(AT27:AV27) -> 1 | AT27: =COUNTIFS(J:J,AR27,K:K,$AT$18) -> 1 | AU27: =COUNTIFS(J:J,AR27,K:K,$AU$18) -> 0 | AV27: =COUNTIFS(J:J,AR27,K:K,AV$18) -> 0 | AW27: =AT27*3+AU27 -> 3 | AX27: =AT27/AS27 -> 1 | AY27: =AW27/AS27 -> 3
A28: K리그 | B28: 45151 | C28: 26 | D28: 대구 | E28: 홈 | F28: 3 | G28: 1 | H28: ib | I28: 강성주 | J28: 김태우 | K28: 승 | L28: 무고사 | M28: 문지환 | N28: 제르소 | Q28: 제르소 | R28: 이명주 | S28: 무고사 | V28: 9349 | X28: 강윤구 | Y28: =COUNTIF(L$3:P$50,X28) -> 0 | Z28: =COUNTIF(Q$3:U$50,X28) -> 0 | AA28: =Y28+Z28 -> 0 | AD28: 총합 | AE28: =SUM(AE26:AE27) -> 48 | AF28: =SUM(AF26:AF27) -> 21 | AG28: =SUM(AG26:AG27) -> 14 | AH28: =SUM(AH26:AH27) -> 13 | AI28: =SUM(AI26:AI27) -> 0 | AJ28: =AF28/AE28 -> 0.4375 | AK28: =SUM(AK26:AK27) -> 70 | AL28: =SUM(AL26:AL27) -> 57 | AM28: =SUM(AM26:AM27) -> 13 | AN28: =AI28/AE28 -> 0 | AO28: =AK28/AE28 -> 1.4583333 | AP28: =AL28/AE28 -> 1.1875 | AR28: 박용식 | AS28: =SUM(AT28:AV28) -> 2 | AT28: =COUNTIFS(J:J,AR28,K:K,$AT$18) -> 1 | AU28: =COUNTIFS(J:J,AR28,K:K,$AU$18) -> 0 | AV28: =COUNTIFS(J:J,AR28,K:K,AV$18) -> 1 | AW28: =AT28*3+AU28 -> 3 | AX28: =AT28/AS28 -> 0.5 | AY28: =AW28/AS28 -> 1.5
A29: K리그 | B29: 45156 | C29: 27 | D29: 광주 | E29: 홈 | F29: 2 | G29: 2 | H29: jtbc | I29: 김환 | J29: 이인환 | K29: 무 | L29: 제르소 | M29: 제르소 | Q29: 이태희 | V29: 5870 | X29: 이동수 | Y29: =COUNTIF(L$3:P$50,X29) -> 0 | Z29: =COUNTIF(Q$3:U$50,X29) -> 0 | AA29: =Y29+Z29 -> 0 | AD29: 팀명 | AE29: 경기 | AF29: 승 | AG29: 무 | AH29: 패 | AI29: 승점 | AJ29: 승률 | AK29: 득점 | AL29: 실점 | AM29: 득실 | AR29: 윤영주 | AS29: =SUM(AT29:AV29) -> 4 | AT29: =COUNTIFS(J:J,AR29,K:K,$AT$18) -> 2 | AU29: =COUNTIFS(J:J,AR29,K:K,$AU$18) -> 1 | AV29: =COUNTIFS(J:J,AR29,K:K,AV$18) -> 1 | AW29: =AT29*3+AU29 -> 7 | AX29: =AT29/AS29 -> 0.5 | AY29: =AW29/AS29 -> 1.75
A30: K리그 | B30: 45163 | C30: 28 | D30: 수F | E30: 원정 | F30: 2 | G30: 1 | H30: 스카이 | I30: 이상윤 | J30: 배성재 | K30: 승 | L30: 천성훈 | M30: 오반석 | Q30: 김준엽 | R30: 신진호 | X30: 델브리지 | Y30: =COUNTIF(L$3:P$50,X30) -> 0 | Z30: =COUNTIF(Q$3:U$50,X30) -> 0 | AA30: =Y30+Z30 -> 0 | AC30: K리그 | AD30: 울산 | AE30: =SUM(AF30:AH30) -> 4 | AF30: =COUNTIFS(A:A,AC30,D:D,AD30,K:K,"승") -> 2 | AG30: =COUNTIFS(A:A,AC30,D:D,AD30,K:K,"무") -> 1 | AH30: =COUNTIFS(A:A,AC30,D:D,AD30,K:K,"패") -> 1 | AI30: =AF30*3+AG30 -> 7 | AJ30: =AF30/AE30 -> 0.5 | AK30: =SUMIF(D:D,AD30,F:F) -> 5 | AL30: =SUMIF(D:D,AD30,G:G) -> 3 | AM30: =AK30-AL30 -> 2
A31: K리그 | B31: 45171 | C31: 29 | D31: 포항 | E31: 홈 | F31: 0 | G31: 2 | H31: jtbc | I31: 차상엽 | J31: 임경진 | K31: 패 | V31: 12134 | X31: 오반석 | Y31: =COUNTIF(L$3:P$50,X31) -> 3 | Z31: =COUNTIF(Q$3:U$50,X31) -> 0 | AA31: =Y31+Z31 -> 3 | AC31: K리그 | AD31: 전북 | AE31: =SUM(AF31:AH31) -> 4 | AF31: =COUNTIFS(A:A,AC31,D:D,AD31,K:K,"승") -> 0 | AG31: =COUNTIFS(A:A,AC31,D:D,AD31,K:K,"무") -> 2 | AH31: =COUNTIFS(A:A,AC31,D:D,AD31,K:K,"패") -> 2 | AI31: =AF31*3+AG31 -> 2 | AJ31: =AF31/AE31 -> 0 | AK31: =SUMIF(D:D,AD31,F:F) -> 2 | AL31: =SUMIF(D:D,AD31,G:G) -> 8 | AM31: =AK31-AL31 -> -6
A32: K리그 | B32: 45185 | C32: 30 | D32: 제주 | E32: 홈 | F32: 2 | G32: 1 | H32: 스카이 | I32: 이황재 | J32: 박봉서 | K32: 승 | L32: 이명주 | M32: 에르난데스 | Q32: 김도혁 | R32: 신진호 | V32: 8433 | X32: 김동민 | Y32: =COUNTIF(L$3:P$50,X32) -> 0 | Z32: =COUNTIF(Q$3:U$50,X32) -> 0 | AA32: =Y32+Z32 -> 0 | AC32: K리그 | AD32: 포항 | AE32: =SUM(AF32:AH32) -> 4 | AF32: =COUNTIFS(A:A,AC32,D:D,AD32,K:K,"승") -> 1 | AG32: =COUNTIFS(A:A,AC32,D:D,AD32,K:K,"무") -> 1 | AH32: =COUNTIFS(A:A,AC32,D:D,AD32,K:K,"패") -> 2 | AI32: =AF32*3+AG32 -> 4 | AJ32: =AF32/AE32 -> 0.25 | AK32: =SUMIF(D:D,AD32,F:F) -> 3 | AL32: =SUMIF(D:D,AD32,G:G) -> 4 | AM32: =AK32-AL32 -> -1
A33: K리그 | B33: 45193 | C33: 31 | D33: 강원 | E33: 원정 | F33: 1 | G33: 1 | H33: ib | I33: 박찬우 | J33: 정승호 | K33: 무 | L33: 무고사 | Q33: 신진호 | X33: 김건희 | Y33: =COUNTIF(L$3:P$50,X33) -> 0 | Z33: =COUNTIF(Q$3:U$50,X33) -> 0 | AA33: =Y33+Z33 -> 0 | AC33: K리그 | AD33: 제주 | AE33: =SUM(AF33:AH33) -> 3 | AF33: =COUNTIFS(A:A,AC33,D:D,AD33,K:K,"승") -> 2 | AG33: =COUNTIFS(A:A,AC33,D:D,AD33,K:K,"무") -> 0 | AH33: =COUNTIFS(A:A,AC33,D:D,AD33,K:K,"패") -> 1 | AI33: =AF33*3+AG33 -> 6 | AJ33: =AF33/AE33 -> 0.66666667 | AK33: =SUMIF(D:D,AD33,F:F) -> 3 | AL33: =SUMIF(D:D,AD33,G:G) -> 3 | AM33: =AK33-AL33 -> 0
A34: K리그 | B34: 45199 | C34: 32 | D34: 수원 | E34: 홈 | F34: 2 | G34: 0 | H34: 스카이 | I34: 이황재 | J34: 김용남 | K34: 승 | L34: 무고사 | M34: 천성훈 | R34: 정동윤 | V34: 15040 | X34: 권한진 | Y34: =COUNTIF(L$3:P$50,X34) -> 1 | Z34: =COUNTIF(Q$3:U$50,X34) -> 0 | AA34: =Y34+Z34 -> 1 | AC34: K리그 | AD34: 강원 | AE34: =SUM(AF34:AH34) -> 3 | AF34: =COUNTIFS(A:A,AC34,D:D,AD34,K:K,"승") -> 2 | AG34: =COUNTIFS(A:A,AC34,D:D,AD34,K:K,"무") -> 1 | AH34: =COUNTIFS(A:A,AC34,D:D,AD34,K:K,"패") -> 0 | AI34: =AF34*3+AG34 -> 7 | AJ34: =AF34/AE34 -> 0.66666667 | AK34: =SUMIF(D:D,AD34,F:F) -> 4 | AL34: =SUMIF(D:D,AD34,G:G) -> 1 | AM34: =AK34-AL34 -> 3
A35: K리그 | B35: 45207 | C35: 33 | D35: 울산 | E35: 원정 | F35: 0 | G35: 0 | H35: jtbc | I35: 김형범 | J35: 임경진 | K35: 무 | X35: 김연수 | Y35: =COUNTIF(L$3:P$50,X35) -> 0 | Z35: =COUNTIF(Q$3:U$50,X35) -> 0 | AA35: =Y35+Z35 -> 0 | AC35: K리그 | AD35: 수F | AE35: =SUM(AF35:AH35) -> 3 | AF35: =COUNTIFS(A:A,AC35,D:D,AD35,K:K,"승") -> 1 | AG35: =COUNTIFS(A:A,AC35,D:D,AD35,K:K,"무") -> 2 | AH35: =COUNTIFS(A:A,AC35,D:D,AD35,K:K,"패") -> 0 | AI35: =AF35*3+AG35 -> 5 | AJ35: =AF35/AE35 -> 0.33333333 | AK35: =SUMIF(D:D,AD35,F:F) -> 6 | AL35: =SUMIF(D:D,AD35,G:G) -> 5 | AM35: =AK35-AL35 -> 1
A36: K리그 | B36: 45219 | C36: 34 | D36: 포항 | E36: 원정 | F36: 1 | G36: 1 | H36: 스카이 | I36: 이황재 | J36: 소준일 | K36: 무 | L36: 제르소 | Q36: 김동헌 | X36: 임형진 | Y36: =COUNTIF(L$3:P$50,X36) -> 0 | Z36: =COUNTIF(Q$3:U$50,X36) -> 0 | AA36: =Y36+Z36 -> 0 | AC36: K리그 | AD36: 서울 | AE36: =SUM(AF36:AH36) -> 3 | AF36: =COUNTIFS(A:A,AC36,D:D,AD36,K:K,"승") -> 1 | AG36: =COUNTIFS(A:A,AC36,D:D,AD36,K:K,"무") -> 1 | AH36: =COUNTIFS(A:A,AC36,D:D,AD36,K:K,"패") -> 1 | AI36: =AF36*3+AG36 -> 4 | AJ36: =AF36/AE36 -> 0.33333333 | AK36: =SUMIF(D:D,AD36,F:F) -> 3 | AL36: =SUMIF(D:D,AD36,G:G) -> 3 | AM36: =AK36-AL36 -> 0
A37: K리그 | B37: 45227 | C37: 35 | D37: 광주 | E37: 원정 | F37: 2 | G37: 0 | H37: jtbc | I37: 김형범 | J37: 임경진 | K37: 승 | L37: 최우진 | M37: 김민석 | X37: 김동헌 | Y37: =COUNTIF(L$3:P$50,X37) -> 0 | Z37: =COUNTIF(Q$3:U$50,X37) -> 1 | AA37: =Y37+Z37 -> 1 | AC37: K리그 | AD37: 대구 | AE37: =SUM(AF37:AH37) -> 4 | AF37: =COUNTIFS(A:A,AC37,D:D,AD37,K:K,"승") -> 1 | AG37: =COUNTIFS(A:A,AC37,D:D,AD37,K:K,"무") -> 2 | AH37: =COUNTIFS(A:A,AC37,D:D,AD37,K:K,"패") -> 1 | AI37: =AF37*3+AG37 -> 5 | AJ37: =AF37/AE37 -> 0.25 | AK37: =SUMIF(D:D,AD37,F:F) -> 6 | AL37: =SUMIF(D:D,AD37,G:G) -> 5 | AM37: =AK37-AL37 -> 1
A38: K리그 | B38: 45242 | C38: 36 | D38: 전북 | E38: 홈 | F38: 1 | G38: 1 | H38: 스카이 | I38: 이황재 | J38: 박봉서 | K38: 무 | L38: 김도혁 | V38: 11912 | X38: 이태희 | Y38: =COUNTIF(L$3:P$50,X38) -> 0 | Z38: =COUNTIF(Q$3:U$50,X38) -> 1 | AA38: =Y38+Z38 -> 1 | AC38: K리그 | AD38: 수원 | AE38: =SUM(AF38:AH38) -> 3 | AF38: =COUNTIFS(A:A,AC38,D:D,AD38,K:K,"승") -> 1 | AG38: =COUNTIFS(A:A,AC38,D:D,AD38,K:K,"무") -> 1 | AH38: =COUNTIFS(A:A,AC38,D:D,AD38,K:K,"패") -> 1 | AI38: =AF38*3+AG38 -> 4 | AJ38: =AF38/AE38 -> 0.33333333 | AK38: =SUMIF(D:D,AD38,F:F) -> 5 | AL38: =SUMIF(D:D,AD38,G:G) -> 3 | AM38: =AK38-AL38 -> 2
A39: K리그 | B39: 45254 | C39: 37 | D39: 울산 | E39: 홈 | F39: 3 | G39: 1 | H39: jtbc | I39: 김형범 | J39: 임경진 | K39: 승 | L39: 박승호 | M39: 홍시후 | N39: 오반석 | Q39: 최우진 | R39: 에르난데스 | S39: 김보섭 | V39: 7601 | X39: 민성준 | Y39: =COUNTIF(L$3:P$50,X39) -> 0 | Z39: =COUNTIF(Q$3:U$50,X39) -> 0 | AA39: =Y39+Z39 -> 0 | AC39: K리그 | AD39: 광주 | AE39: =SUM(AF39:AH39) -> 4 | AF39: =COUNTIFS(A:A,AC39,D:D,AD39,K:K,"승") -> 1 | AG39: =COUNTIFS(A:A,AC39,D:D,AD39,K:K,"무") -> 2 | AH39: =COUNTIFS(A:A,AC39,D:D,AD39,K:K,"패") -> 1 | AI39: =AF39*3+AG39 -> 5 | AJ39: =AF39/AE39 -> 0.25 | AK39: =SUMIF(D:D,AD39,F:F) -> 5 | AL39: =SUMIF(D:D,AD39,G:G) -> 8 | AM39: =AK39-AL39 -> -3
A40: K리그 | B40: 45263 | C40: 38 | D40: 대구 | E40: 원정 | F40: 1 | G40: 2 | H40: ib | I40: 강성주 | J40: 김태우 | K40: 패 | L40: 에르난데스 | Q40: 홍시후 | X40: 김유성 | Y40: =COUNTIF(L$3:P$50,X40) -> 0 | Z40: =COUNTIF(Q$3:U$50,X40) -> 0 | AA40: =Y40+Z40 -> 0 | AC40: K리그 | AD40: 대전 | AE40: =SUM(AF40:AH40) -> 3 | AF40: =COUNTIFS(A:A,AC40,D:D,AD40,K:K,"승") -> 2 | AG40: =COUNTIFS(A:A,AC40,D:D,AD40,K:K,"무") -> 1 | AH40: =COUNTIFS(A:A,AC40,D:D,AD40,K:K,"패") -> 0 | AI40: =AF40*3+AG40 -> 7 | AJ40: =AF40/AE40 -> 0.66666667 | AK40: =SUMIF(D:D,AD40,F:F) -> 8 | AL40: =SUMIF(D:D,AD40,G:G) -> 4 | AM40: =AK40-AL40 -> 4
A41: ACL PO | B41: 45160 | C41: P.O | D41: 하이퐁 | E41: 홈 | F41: 3 | G41: 1 | H41: 스카이 | I41: 박문성 | J41: 소준일 | K41: 승 | L41: 천성훈 | M41: 에르난데스 | N41: 제르소 | Q41: 무고사 | R41: 제르소 | V41: 5206 | AC41: ACL PO | AD41: 하이퐁 | AE41: =SUM(AF41:AH41) -> 1 | AF41: =COUNTIFS(A:A,AC41,D:D,AD41,K:K,"승") -> 1 | AG41: =COUNTIFS(A:A,AC41,D:D,AD41,K:K,"무") -> 0 | AH41: =COUNTIFS(A:A,AC41,D:D,AD41,K:K,"패") -> 0 | AI41: 0 | AJ41: =AF41/AE41 -> 1 | AK41: =SUMIF(D:D,AD41,F:F) -> 3 | AL41: =SUMIF(D:D,AD41,G:G) -> 1 | AM41: =AK41-AL41 -> 2
A42: ACL | B42: 45188 | C42: 1 | D42: 요코하마 | E42: 원정 | F42: 4 | G42: 2 | H42: TVN | I42: 김민구 | J42: 윤영주 | K42: 승 | L42: O.G | M42: 제르소 | N42: 에르난데스 | O42: 에르난데스 | R42: 김도혁 | S42: 음포쿠 | T42: 음포쿠 | AC42: ACL | AD42: 요코하마 | AE42: =SUM(AF42:AH42) -> 2 | AF42: =COUNTIFS(A:A,AC42,D:D,AD42,K:K,"승") -> 2 | AG42: =COUNTIFS(A:A,AC42,D:D,AD42,K:K,"무") -> 0 | AH42: =COUNTIFS(A:A,AC42,D:D,AD42,K:K,"패") -> 0 | AI42: =AF42*3+AG42 -> 6 | AJ42: =AF42/AE42 -> 1 | AK42: =SUMIF(D:D,AD42,F:F) -> 6 | AL42: =SUMIF(D:D,AD42,G:G) -> 3 | AM42: =AK42-AL42 -> 3
A43: ACL | B43: 45202 | C43: 2 | D43: 카야 | E43: 홈 | F43: 4 | G43: 0 | H43: TVN | I43: 김민구 | J43: 윤영주 | K43: 승 | L43: 무고사 | M43: 무고사 | N43: 에르난데스 | O43: 음포쿠 | Q43: 민경현 | S43: 제르소 | V43: 8582 | AC43: ACL | AD43: 산둥 | AE43: =SUM(AF43:AH43) -> 2 | AF43: =COUNTIFS(A:A,AC43,D:D,AD43,K:K,"승") -> 0 | AG43: =COUNTIFS(A:A,AC43,D:D,AD43,K:K,"무") -> 0 | AH43: =COUNTIFS(A:A,AC43,D:D,AD43,K:K,"패") -> 2 | AI43: =AF43*3+AG43 -> 0 | AJ43: =AF43/AE43 -> 0 | AK43: =SUMIF(D:D,AD43,F:F) -> 1 | AL43: =SUMIF(D:D,AD43,G:G) -> 5 | AM43: =AK43-AL43 -> -4
A44: ACL | B44: 45224 | C44: 3 | D44: 산둥 | E44: 홈 | F44: 0 | G44: 2 | H44: TVN | I44: 서형욱 | J44: 박용식 | K44: 패 | V44: 7277 | AC44: ACL | AD44: 카야 | AE44: =SUM(AF44:AH44) -> 2 | AF44: =COUNTIFS(A:A,AC44,D:D,AD44,K:K,"승") -> 2 | AG44: =COUNTIFS(A:A,AC44,D:D,AD44,K:K,"무") -> 0 | AH44: =COUNTIFS(A:A,AC44,D:D,AD44,K:K,"패") -> 0 | AI44: =AF44*3+AG44 -> 6 | AJ44: =AF44/AE44 -> 1 | AK44: =SUMIF(D:D,AD44,F:F) -> 7 | AL44: =SUMIF(D:D,AD44,G:G) -> 1 | AM44: =AK44-AL44 -> 6
A45: ACL | B45: 45237 | C45: 4 | D45: 산둥 | E45: 원정 | F45: 1 | G45: 3 | H45: TVN | I45: 김오성 | J45: 윤영주 | K45: 패 | L45: 김도혁 | Q45: 김민석 | AC45: FA컵 | AD45: 경남 | AE45: =SUM(AF45:AH45) -> 1 | AF45: =COUNTIFS(A:A,AC45,D:D,AD45,K:K,"승") -> 1 | AG45: =COUNTIFS(A:A,AC45,D:D,AD45,K:K,"무") -> 0 | AH45: =COUNTIFS(A:A,AC45,D:D,AD45,K:K,"패") -> 0 | AI45: 0 | AJ45: =AF45/AE45 -> 1 | AK45: =SUMIF(D:D,AD45,F:F) -> 3 | AL45: =SUMIF(D:D,AD45,G:G) -> 0 | AM45: =AK45-AL45 -> 3
A46: ACL | B46: 45258 | C46: 5 | D46: 요코하마 | E46: 홈 | F46: 2 | G46: 1 | H46: TVN | I46: 박주호 | J46: 박용식 | K46: 승 | L46: 홍시후 | M46: 에르난데스 | R46: 김보섭 | V46: 5712 | AC46: FA컵 | AD46: 수원 | AE46: =SUM(AF46:AH46) -> 1 | AF46: =COUNTIFS(A:A,AC46,D:D,AD46,K:K,"승") -> 1 | AG46: =COUNTIFS(A:A,AC46,D:D,AD46,K:K,"무") -> 0 | AH46: =COUNTIFS(A:A,AC46,D:D,AD46,K:K,"패") -> 0 | AI46: 0 | AJ46: =AF46/AE46 -> 1 | AK46: =SUMIF(D:D,AD46,F:F) -> 5 | AL46: =SUMIF(D:D,AD46,G:G) -> 3 | AM46: =AK46-AL46 -> 2
A47: ACL | B47: 45273 | C47: 6 | D47: 카야 | E47: 원정 | F47: 3 | G47: 1 | H47: TVN | K47: 승 | L47: 박승호 | M47: 최우진 | N47: 김도혁 | Q47: 홍시후 | R47: 음포쿠 | AC47: FA컵 | AD47: 전북 | AE47: =SUM(AF47:AH47) -> 1 | AF47: =COUNTIFS(A:A,AC47,D:D,AD47,K:K,"승") -> 0 | AG47: =COUNTIFS(A:A,AC47,D:D,AD47,K:K,"무") -> 0 | AH47: =COUNTIFS(A:A,AC47,D:D,AD47,K:K,"패") -> 1 | AI47: =AF47*3+AG47 -> 0 | AJ47: =AF47/AE47 -> 0 | AK47: =SUMIF(D:D,AD47,F:F) -> 2 | AL47: =SUMIF(D:D,AD47,G:G) -> 8 | AM47: =AK47-AL47 -> -6
A48: FA컵 | B48: 45070 | C48: 16강 | D48: 경남 | E48: 홈 | F48: 3 | G48: 0 | H48: 인터넷 | K48: 승 | L48: 음포쿠 | M48: 홍시후 | N48: 정동윤 | Q48: 김도혁 | R48: 민경현 | S48: 김보섭 | V48: 2460
A49: FA컵 | B49: 45105 | C49: 8강 | D49: 수원 | E49: 홈 | F49: 3 | G49: 2 | H49: 인터넷 | K49: 승 | L49: 에르난데스 | M49: 천성훈 | N49: 천성훈 | S49: 제르소 | V49: 3121
A50: FA컵 | B50: 45231 | C50: 4강 | D50: 전북 | E50: 원정 | F50: 1 | G50: 3 | H50: 스카이 | I50: 이상윤 | J50: 소준일 | K50: 패 | L50: 제르소 | Q50: 문지환
P51: 전년도
L52: 대회 | M52: 경기수 | N52: 총관중수 | O52: 평균관중수 | P52: 총관중수 | Q52: 평균관중수 | R52: 전년비 증감
L53: K리그 | M53: 19 | N53: =SUMIFS(V3:V50,A3:A50,L53) -> 169826 | O53: =N53/M53 -> 8938.2105 | P53: 99968 | Q53: =P53/M53 -> 5261.4737 | R53: =(N53-P53)/N53 -> 0.41135044
L54: ACL | M54: 4 | N54: =SUMIFS(V4:V51,A4:A51,L54) -> 21571 | O54: =N54/M54 -> 5392.75
L55: FA컵 | M55: 2 | N55: =SUMIFS(V3:V50,A3:A50,L55) -> 5581 | O55: =N55/M55 -> 2790.5
L56: 총합 | M56: =SUM(M53:M55) -> 25 | N56: =SUM(N53:N55) -> 196978 | O56: =N56/M56 -> 7879.12

Sheet 2023 리그
A2: 일자 | B2: 라운드 | C2: 상대팀 | D2: 홈/원정 | E2: 득점 | F2: 실점 | G2: 중계채널 | H2: 해설 | I2: 캐스터 | J2: 결과 | K2: 득점1 | L2: 득점2 | M2: 득점3 | N2: 도움1 | O2: 도움2 | P2: 도움3 | S2: 이름 | T2: 득점 | U2: 도움 | V2: 합계 | Y2: 중계채널 | Z2: 경기 | AA2: 승 | AB2: 무 | AC2: 패 | AD2: 승점 | AE2: 승률 | AF2: 평균승점 | AJ2: 해설자 | AK2: 경기 | AL2: 승 | AM2: 무 | AN2: 패 | AO2: 승점 | AP2: 승률 | AQ2: 평균승점
A3: 44982 | B3: 1 | C3: 서울 | D3: 원정 | E3: 1 | F3: 2 | G3: jtbc | H3: 김환 | I3: 임경진 | J3: 패 | K3: 오반석 | S3: 에르난데스 | T3: =COUNTIF(K$3:M$40,S3) -> 6 | U3: =COUNTIF(N$3:P$40,S3) -> 5 | V3: =T3+U3 -> 11 | Y3: JTBC | Z3: =SUM(AA3:AC3) -> 14 | AA3: =COUNTIFS(G:G,Y3,J:J,AA$2) -> 2 | AB3: =COUNTIFS(G:G,Y3,J:J,AB$2) -> 8 | AC3: =COUNTIFS(G:G,Y3,J:J,AC$2) -> 4 | AD3: =AA3*3+AB3 -> 14 | AE3: =AA3/Z3 -> 0.14285714 | AF3: =AD3/Z3 -> 1 | AJ3: 강성주 | AK3: =SUM(AL3:AN3) -> 4 | AL3: =COUNTIFS(H:H,AJ3,J:J,AL$2) -> 2 | AM3: =COUNTIFS(H:H,AJ3,J:J,AM$2) -> 0 | AN3: =COUNTIFS(H:H,AJ3,J:J,AN$2) -> 2 | AO3: =AL3*3+AM3 -> 6 | AP3: =AL3/AK3 -> 0.5 | AQ3: =AO3/AK3 -> 1.5
A4: 44989 | B4: 2 | C4: 대전 | D4: 홈 | E4: 3 | F4: 3 | G4: jtbc | H4: 김형범 | I4: 임경진 | J4: 무 | K4: 이명주 | L4: 에르난데스 | M4: 음포쿠 | O4: 송시우 | S4: 제르소 | T4: =COUNTIF(K$3:M$40,S4) -> 7 | U4: =COUNTIF(N$3:P$40,S4) -> 6 | V4: =T4+U4 -> 13 | Y4: 스카이 | Z4: =SUM(AA4:AC4) -> 16 | AA4: =COUNTIFS(G:G,Y4,J:J,AA$2) -> 9 | AB4: =COUNTIFS(G:G,Y4,J:J,AB$2) -> 4 | AC4: =COUNTIFS(G:G,Y4,J:J,AC$2) -> 3 | AD4: =AA4*3+AB4 -> 31 | AE4: =AA4/Z4 -> 0.5625 | AF4: =AD4/Z4 -> 1.9375 | AJ4: 김대길 | AK4: =SUM(AL4:AN4) -> 2 | AL4: =COUNTIFS(H:H,AJ4,J:J,AL$2) -> 2 | AM4: =COUNTIFS(H:H,AJ4,J:J,AM$2) -> 0 | AN4: =COUNTIFS(H:H,AJ4,J:J,AN$2) -> 0 | AO4: =AL4*3+AM4 -> 6 | AP4: =AL4/AK4 -> 1 | AQ4: =AO4/AK4 -> 3
A5: 44997 | B5: 3 | C5: 제주 | D5: 홈 | E5: 1 | F5: 0 | G5: 스카이 | H5: 이상윤 | I5: 박봉서 | J5: 승 | K5: 제르소 | N5: 에르난데스 | S5: 음포쿠 | T5: =COUNTIF(K$3:M$40,S5) -> 3 | U5: =COUNTIF(N$3:P$40,S5) -> 2 | V5: =T5+U5 -> 5 | Y5: IB | Z5: =SUM(AA5:AC5) -> 8 | AA5: =COUNTIFS(G:G,Y5,J:J,AA$2) -> 3 | AB5: =COUNTIFS(G:G,Y5,J:J,AB$2) -> 2 | AC5: =COUNTIFS(G:G,Y5,J:J,AC$2) -> 3 | AD5: =AA5*3+AB5 -> 11 | AE5: =AA5/Z5 -> 0.375 | AF5: =AD5/Z5 -> 1.375 | AJ5: 김형범 | AK5: =SUM(AL5:AN5) -> 7 | AL5: =COUNTIFS(H:H,AJ5,J:J,AL$2) -> 2 | AM5: =COUNTIFS(H:H,AJ5,J:J,AM$2) -> 4 | AN5: =COUNTIFS(H:H,AJ5,J:J,AN$2) -> 1 | AO5: =AL5*3+AM5 -> 10 | AP5: =AL5/AK5 -> 0.28571429 | AQ5: =AO5/AK5 -> 1.4285714
A6: 45003 | B6: 4 | C6: 광주 | D6: 원정 | E6: 0 | F6: 5 | G6: ib | H6: 강성주 | I6: 김태우 | J6: 패 | S6: 김보섭 | T6: =COUNTIF(K$3:M$40,S6) -> 3 | U6: =COUNTIF(N$3:P$40,S6) -> 4 | V6: =T6+U6 -> 7 | AJ6: 김환 | AK6: =SUM(AL6:AN6) -> 2 | AL6: =COUNTIFS(H:H,AJ6,J:J,AL$2) -> 0 | AM6: =COUNTIFS(H:H,AJ6,J:J,AM$2) -> 1 | AN6: =COUNTIFS(H:H,AJ6,J:J,AN$2) -> 1 | AO6: =AL6*3+AM6 -> 1 | AP6: =AL6/AK6 -> 0 | AQ6: =AO6/AK6 -> 0.5
A7: 45017 | B7: 5 | C7: 대구 | D7: 홈 | E7: 0 | F7: 0 | G7: 스카이 | H7: 이상윤 | I7: 박봉서 | J7: 무 | S7: 천성훈 | T7: =COUNTIF(K$3:M$40,S7) -> 6 | U7: =COUNTIF(N$3:P$40,S7) -> 0 | V7: =T7+U7 -> 6 | X7: 홈/원정 | Y7: 중계채널 | Z7: 경기 | AA7: 승 | AB7: 무 | AC7: 패 | AD7: 승점 | AE7: 승률 | AF7: 평균승점 | AJ7: 박문성 | AK7: =SUM(AL7:AN7) -> 8 | AL7: =COUNTIFS(H:H,AJ7,J:J,AL$2) -> 3 | AM7: =COUNTIFS(H:H,AJ7,J:J,AM$2) -> 1 | AN7: =COUNTIFS(H:H,AJ7,J:J,AN$2) -> 4 | AO7: =AL7*3+AM7 -> 10 | AP7: =AL7/AK7 -> 0.375 | AQ7: =AO7/AK7 -> 1.25
A8: 45025 | B8: 6 | C8: 전북 | D8: 원정 | E8: 0 | F8: 2 | G8: 스카이 | H8: 박문성 | I8: 배성재 | J8: 패 | S8: 무고사 | T8: =COUNTIF(K$3:M$40,S8) -> 3 | U8: =COUNTIF(N$3:P$40,S8) -> 1 | V8: =T8+U8 -> 4 | X8: 홈 | Y8: JTBC | Z8: =SUM(AA8:AC8) -> 8 | AA8: =COUNTIFS(D:D,X8,G:G,Y8,J:J,AA$7) -> 1 | AB8: =COUNTIFS(D:D,X8,G:G,Y8,J:J,AB$7) -> 5 | AC8: =COUNTIFS(D:D,X8,G:G,Y8,J:J,AC$7) -> 2 | AD8: =AA8*3+AB8 -> 8 | AE8: =AA8/Z8 -> 0.125 | AF8: =AD8/Z8 -> 1 | AJ8: 이상윤 | AK8: =SUM(AL8:AN8) -> 4 | AL8: =COUNTIFS(H:H,AJ8,J:J,AL$2) -> 3 | AM8: =COUNTIFS(H:H,AJ8,J:J,AM$2) -> 1 | AN8: =COUNTIFS(H:H,AJ8,J:J,AN$2) -> 0 | AO8: =AL8*3+AM8 -> 10 | AP8: =AL8/AK8 -> 0.75 | AQ8: =AO8/AK8 -> 2.5
A9: 45032 | B9: 7 | C9: 강원 | D9: 원정 | E9: 2 | F9: 0 | G9: ib | H9: 강성주 | I9: 김태우 | J9: 승 | K9: 김준엽 | L9: 에르난데스 | N9: 제르소 | S9: 홍시후 | T9: =COUNTIF(K$3:M$40,S9) -> 2 | U9: =COUNTIF(N$3:P$40,S9) -> 1 | V9: =T9+U9 -> 3 | X9: 홈 | Y9: 스카이 | Z9: =SUM(AA9:AC9) -> 9 | AA9: =COUNTIFS(D:D,X9,G:G,Y9,J:J,AA$7) -> 4 | AB9: =COUNTIFS(D:D,X9,G:G,Y9,J:J,AB$7) -> 3 | AC9: =COUNTIFS(D:D,X9,G:G,Y9,J:J,AC$7) -> 2 | AD9: =AA9*3+AB9 -> 15 | AE9: =AA9/Z9 -> 0.44444444 | AF9: =AD9/Z9 -> 1.6666667 | AJ9: 차상엽 | AK9: =SUM(AL9:AN9) -> 3 | AL9: =COUNTIFS(H:H,AJ9,J:J,AL$2) -> 0 | AM9: =COUNTIFS(H:H,AJ9,J:J,AM$2) -> 2 | AN9: =COUNTIFS(H:H,AJ9,J:J,AN$2) -> 1 | AO9: =AL9*3+AM9 -> 2 | AP9: =AL9/AK9 -> 0 | AQ9: =AO9/AK9 -> 0.66666667
A10: 45038 | B10: 8 | C10: 수F | D10: 홈 | E10: 2 | F10: 2 | G10: jtbc | H10: 차상엽 | I10: 윤영주 | J10: 무 | K10: 천성훈 | L10: 천성훈 | N10: 에르난데스 | O10: 민경현 | S10: 김민석 | T10: =COUNTIF(K$3:M$40,S10) -> 2 | U10: =COUNTIF(N$3:P$40,S10) -> 0 | V10: =T10+U10 -> 2 | X10: 홈 | Y10: IB | Z10: =SUM(AA10:AC10) -> 2 | AA10: =COUNTIFS(D:D,X10,G:G,Y10,J:J,AA$7) -> 2 | AB10: =COUNTIFS(D:D,X10,G:G,Y10,J:J,AB$7) -> 0 | AC10: =COUNTIFS(D:D,X10,G:G,Y10,J:J,AC$7) -> 0 | AD10: =AA10*3+AB10 -> 6 | AE10: =AA10/Z10 -> 1 | AF10: =AD10/Z10 -> 3 | AJ10: 김오성 | AK10: =SUM(AL10:AN10) -> 1 | AL10: =COUNTIFS(H:H,AJ10,J:J,AL$2) -> 0 | AM10: =COUNTIFS(H:H,AJ10,J:J,AM$2) -> 1 | AN10: =COUNTIFS(H:H,AJ10,J:J,AN$2) -> 0 | AO10: =AL10*3+AM10 -> 1 | AP10: =AL10/AK10 -> 0 | AQ10: =AO10/AK10 -> 1
A11: 45041 | B11: 9 | C11: 울산 | D11: 홈 | E11: 0 | F11: 1 | G11: 스카이 | H11: 박문성 | I11: 소준일 | J11: 패 | S11: 김대중 | T11: =COUNTIF(K$3:M$40,S11) -> 0 | U11: =COUNTIF(N$3:P$40,S11) -> 0 | V11: =T11+U11 -> 0 | AJ11: 정경호 | AK11: =SUM(AL11:AN11) -> 2 | AL11: =COUNTIFS(H:H,AJ11,J:J,AL$2) -> 0 | AM11: =COUNTIFS(H:H,AJ11,J:J,AM$2) -> 1 | AN11: =COUNTIFS(H:H,AJ11,J:J,AN$2) -> 1 | AO11: =AL11*3+AM11 -> 1 | AP11: =AL11/AK11 -> 0 | AQ11: =AO11/AK11 -> 0.5
A12: 45046 | B12: 10 | C12: 포항 | D12: 원정 | E12: 2 | F12: 0 | G12: 스카이 | H12: 박문성 | I12: 박봉서 | J12: 승 | K12: 문지환 | L12: 천성훈 | N12: 김보섭 | O12: 제르소 | S12: 박승호 | T12: =COUNTIF(K$3:M$40,S12) -> 1 | U12: =COUNTIF(N$3:P$40,S12) -> 0 | V12: =T12+U12 -> 1 | X12: 홈/원정 | Y12: 중계채널 | Z12: 경기 | AA12: 승 | AB12: 무 | AC12: 패 | AD12: 승점 | AE12: 승률 | AF12: 평균승점 | AJ12: 이황재 | AK12: =SUM(AL12:AN12) -> 4 | AL12: =COUNTIFS(H:H,AJ12,J:J,AL$2) -> 2 | AM12: =COUNTIFS(H:H,AJ12,J:J,AM$2) -> 2 | AN12: =COUNTIFS(H:H,AJ12,J:J,AN$2) -> 0 | AO12: =AL12*3+AM12 -> 8 | AP12: =AL12/AK12 -> 0.5 | AQ12: =AO12/AK12 -> 2
A13: 45051 | B13: 11 | C13: 수원 | D13: 홈 | E13: 0 | F13: 1 | G13: jtbc | H13: 정경호 | I13: 임경진 | J13: 패 | S13: 하동선 | T13: =COUNTIF(K$3:M$40,S13) -> 0 | U13: =COUNTIF(N$3:P$40,S13) -> 0 | V13: =T13+U13 -> 0 | X13: 원정 | Y13: JTBC | Z13: =SUM(AA13:AC13) -> 6 | AA13: =COUNTIFS(D:D,X13,G:G,Y13,J:J,AA$12) -> 1 | AB13: =COUNTIFS(D:D,X13,G:G,Y13,J:J,AB$12) -> 3 | AC13: =COUNTIFS(D:D,X13,G:G,Y13,J:J,AC$12) -> 2 | AD13: =AA13*3+AB13 -> 6 | AE13: =AA13/Z13 -> 0.16666667 | AF13: =AD13/Z13 -> 1 | AJ13: 박찬우 | AK13: =SUM(AL13:AN13) -> 1 | AL13: =COUNTIFS(H:H,AJ13,J:J,AL$2) -> 0 | AM13: =COUNTIFS(H:H,AJ13,J:J,AM$2) -> 1 | AN13: =COUNTIFS(H:H,AJ13,J:J,AN$2) -> 0 | AO13: =AL13*3+AM13 -> 1 | AP13: =AL13/AK13 -> 0 | AQ13: =AO13/AK13 -> 1
A14: 45056 | B14: 12 | C14: 제주 | D14: 원정 | E14: 0 | F14: 2 | G14: ib | H14: 박문성 | I14: 소준일 | J14: 패 | S14: 송시우 | T14: =COUNTIF(K$3:M$40,S14) -> 0 | U14: =COUNTIF(N$3:P$40,S14) -> 1 | V14: =T14+U14 -> 1 | X14: 원정 | Y14: 스카이 | Z14: =SUM(AA14:AC14) -> 7 | AA14: =COUNTIFS(D:D,X14,G:G,Y14,J:J,AA$12) -> 5 | AB14: =COUNTIFS(D:D,X14,G:G,Y14,J:J,AB$12) -> 1 | AC14: =COUNTIFS(D:D,X14,G:G,Y14,J:J,AC$12) -> 1 | AD14: =AA14*3+AB14 -> 16 | AE14: =AA14/Z14 -> 0.71428571 | AF14: =AD14/Z14 -> 2.2857143 | AJ14: 캐스터 | AK14: 경기 | AL14: 승 | AM14: 무 | AN14: 패 | AO14: 승점 | AP14: 승률 | AQ14: 평균승점
A15: 45060 | B15: 13 | C15: 전북 | D15: 홈 | E15: 0 | F15: 0 | G15: jtbc | H15: 김형범 | I15: 임경진 | J15: 무 | S15: 지언학 | T15: =COUNTIF(K$3:M$40,S15) -> 0 | U15: =COUNTIF(N$3:P$40,S15) -> 0 | V15: =T15+U15 -> 0 | X15: 원정 | Y15: IB | Z15: =SUM(AA15:AC15) -> 6 | AA15: =COUNTIFS(D:D,X15,G:G,Y15,J:J,AA$12) -> 1 | AB15: =COUNTIFS(D:D,X15,G:G,Y15,J:J,AB$12) -> 2 | AC15: =COUNTIFS(D:D,X15,G:G,Y15,J:J,AC$12) -> 3 | AD15: =AA15*3+AB15 -> 5 | AE15: =AA15/Z15 -> 0.16666667 | AF15: =AD15/Z15 -> 0.83333333 | AJ15: 김태우 | AK15: =SUM(AL15:AN15) -> 5 | AL15: =COUNTIFS(I:I,AJ15,J:J,AL$14) -> 2 | AM15: =COUNTIFS(I:I,AJ15,J:J,AM$14) -> 1 | AN15: =COUNTIFS(I:I,AJ15,J:J,AN$14) -> 2 | AO15: =AL15*3+AM15 -> 7 | AP15: =AL15/AK15 -> 0.4 | AQ15: =AO15/AK15 -> 1.4
A16: 45066 | B16: 14 | C16: 광주 | D16: 홈 | E16: 1 | F16: 1 | G16: 스카이 | H16: 박문성 | I16: 소준일 | J16: 무 | K16: 권한진 | S16: 이명주 | T16: =COUNTIF(K$3:M$40,S16) -> 2 | U16: =COUNTIF(N$3:P$40,S16) -> 1 | V16: =T16+U16 -> 3 | AJ16: 박봉서 | AK16: =SUM(AL16:AN16) -> 7 | AL16: =COUNTIFS(I:I,AJ16,J:J,AL$14) -> 4 | AM16: =COUNTIFS(I:I,AJ16,J:J,AM$14) -> 2 | AN16: =COUNTIFS(I:I,AJ16,J:J,AN$14) -> 1 | AO16: =AL16*3+AM16 -> 14 | AP16: =AL16/AK16 -> 0.57142857 | AQ16: =AO16/AK16 -> 2
A17: 45073 | B17: 15 | C17: 대구 | D17: 원정 | E17: 2 | F17: 2 | G17: jtbc | H17: 김형범 | I17: 임경진 | J17: 무 | K17: 신진호 | L17: 홍시후 | N17: 김보섭 | O17: 김도혁 | S17: 김도혁 | T17: =COUNTIF(K$3:M$40,S17) -> 1 | U17: =COUNTIF(N$3:P$40,S17) -> 3 | V17: =T17+U17 -> 4 | AJ17: 배성재 | AK17: =SUM(AL17:AN17) -> 4 | AL17: =COUNTIFS(I:I,AJ17,J:J,AL14) -> 3 | AM17: =COUNTIFS(I:I,AJ17,J:J,AM14) -> 0 | AN17: =COUNTIFS(I:I,AJ17,J:J,AN14) -> 1 | AO17: =AL17*3+AM17 -> 9 | AP17: =AL17/AK17 -> 0.75 | AQ17: =AO17/AK17 -> 2.25
A18: 45081 | B18: 16 | C18: 대전 | D18: 원정 | E18: 3 | F18: 1 | G18: 스카이 | H18: 박문성 | I18: 배성재 | J18: 승 | K18: 음포쿠 | L18: 김보섭 | M18: 김보섭 | O18: 음포쿠 | P18: 음포쿠 | S18: 문지환 | T18: =COUNTIF(K$3:M$40,S18) -> 2 | U18: =COUNTIF(N$3:P$40,S18) -> 0 | V18: =T18+U18 -> 2 | AJ18: 소준일 | AK18: =SUM(AL18:AN18) -> 6 | AL18: =COUNTIFS(I:I,AJ18,J:J,AL14) -> 2 | AM18: =COUNTIFS(I:I,AJ18,J:J,AM14) -> 2 | AN18: =COUNTIFS(I:I,AJ18,J:J,AN14) -> 2 | AO18: =AL18*3+AM18 -> 8 | AP18: =AL18/AK18 -> 0.33333333 | AQ18: =AO18/AK18 -> 1.3333333
A19: 45084 | B19: 17 | C19: 서울 | D19: 홈 | E19: 1 | F19: 1 | G19: jtbc | H19: 정경호 | I19: 임경진 | J19: 무 | K19: 제르소 | N19: 김보섭 | S19: 신진호 | T19: =COUNTIF(K$3:M$40,S19) -> 1 | U19: =COUNTIF(N$3:P$40,S19) -> 3 | V19: =T19+U19 -> 4 | AJ19: 임경진 | AK19: =SUM(AL19:AN19) -> 12 | AL19: =COUNTIFS(I:I,AJ19,J:J,$AL$14) -> 2 | AM19: =COUNTIFS(I:I,AJ19,J:J,$AM$14) -> 6 | AN19: =COUNTIFS(I:I,AJ19,J:J,AN$14) -> 4 | AO19: =AL19*3+AM19 -> 12 | AP19: =AL19/AK19 -> 0.16666667 | AQ19: =AO19/AK19 -> 1
A20: 45088 | B20: 18 | C20: 수원 | D20: 원정 | E20: 0 | F20: 0 | G20: jtbc | H20: 차상엽 | I20: 임경진 | J20: 무 | S20: 박현빈 | T20: =COUNTIF(K$3:M$40,S20) -> 0 | U20: =COUNTIF(N$3:P$40,S20) -> 0 | V20: =T20+U20 -> 0 | AJ20: 윤영주 | AK20: =SUM(AL20:AN20) -> 1 | AL20: =COUNTIFS(I:I,AJ20,J:J,$AL$14) -> 0 | AM20: =COUNTIFS(I:I,AJ20,J:J,$AM$14) -> 1 | AN20: =COUNTIFS(I:I,AJ20,J:J,AN$14) -> 0 | AO20: =AL20*3+AM20 -> 1 | AP20: =AL20/AK20 -> 0 | AQ20: =AO20/AK20 -> 1
A21: 45102 | B21: 19 | C21: 포항 | D21: 홈 | E21: 0 | F21: 1 | G21: 스카이 | H21: 박문성 | I21: 박봉서 | J21: 패 | S21: 김현서 | T21: =COUNTIF(K$3:M$40,S21) -> 0 | U21: =COUNTIF(N$3:P$40,S21) -> 0 | V21: =T21+U21 -> 0 | AJ21: 이인환 | AK21: =SUM(AL21:AN21) -> 1 | AL21: =COUNTIFS(I:I,AJ21,J:J,$AL$14) -> 0 | AM21: =COUNTIFS(I:I,AJ21,J:J,$AM$14) -> 1 | AN21: =COUNTIFS(I:I,AJ21,J:J,AN$14) -> 0 | AO21: =AL21*3+AM21 -> 1 | AP21: =AL21/AK21 -> 0 | AQ21: =AO21/AK21 -> 1
A22: 45109 | B22: 20 | C22: 강원 | D22: 홈 | E22: 1 | F22: 0 | G22: 스카이 | H22: 이상윤 | I22: 박봉서 | J22: 승 | K22: 김민석 | N22: 김도혁 | S22: 김세훈 | T22: =COUNTIF(K$3:M$40,S22) -> 0 | U22: =COUNTIF(N$3:P$40,S22) -> 0 | V22: =T22+U22 -> 0 | AJ22: 정승호 | AK22: =SUM(AL22:AN22) -> 1 | AL22: =COUNTIFS(I:I,AJ22,J:J,$AL$14) -> 0 | AM22: =COUNTIFS(I:I,AJ22,J:J,$AM$14) -> 1 | AN22: =COUNTIFS(I:I,AJ22,J:J,AN$14) -> 0 | AO22: =AL22*3+AM22 -> 1 | AP22: =AL22/AK22 -> 0 | AQ22: =AO22/AK22 -> 1
A23: 45115 | B23: 21 | C23: 수F | D23: 원정 | E23: 2 | F23: 2 | G23: ib | H23: 김오성 | I23: 김태우 | J23: 무 | K23: 천성훈 | L23: O.G | N23: 김준엽 | S23: 박진홍 | T23: =COUNTIF(K$3:M$40,S23) -> 0 | U23: =COUNTIF(N$3:P$40,S23) -> 0 | V23: =T23+U23 -> 0 | AJ23: 김용남 | AK23: =SUM(AL23:AN23) -> 1 | AL23: =COUNTIFS(I:I,AJ23,J:J,$AL$14) -> 1 | AM23: =COUNTIFS(I:I,AJ23,J:J,$AM$14) -> 0 | AN23: =COUNTIFS(I:I,AJ23,J:J,AN$14) -> 0 | AO23: =AL23*3+AM23 -> 3 | AP23: =AL23/AK23 -> 1 | AQ23: =AO23/AK23 -> 3
A24: 45119 | B24: 22 | C24: 울산 | D24: 원정 | E24: 2 | F24: 1 | G24: 스카이 | H24: 김대길 | I24: 소준일 | J24: 승 | K24: 김보섭 | L24: 에르난데스 | N24: 에르난데스 | O24: 제르소 | S24: 김준엽 | T24: =COUNTIF(K$3:M$40,S24) -> 1 | U24: =COUNTIF(N$3:P$40,S24) -> 2 | V24: =T24+U24 -> 3
A25: 45123 | B25: 23 | C25: 대전 | D25: 홈 | E25: 2 | F25: 0 | G25: ib | H25: 김대길 | I25: 소준일 | J25: 승 | K25: 제르소 | L25: 에르난데스 | N25: 에르난데스 | O25: 제르소 | S25: 정동윤 | T25: =COUNTIF(K$3:M$40,S25) -> 0 | U25: =COUNTIF(N$3:P$40,S25) -> 1 | V25: =T25+U25 -> 1 | Y25: 홈/원정 | Z25: 경기 | AA25: 승 | AB25: 무 | AC25: 패 | AD25: 승점 | AE25: 승률 | AF25: 득점 | AG25: 실점 | AH25: 득실 | AI25: 평균 승점 | AJ25: 평균 득점 | AK25: 평균 실점
A26: 45129 | B26: 24 | C26: 서울 | D26: 원정 | E26: 1 | F26: 0 | G26: 스카이 | H26: 박문성 | I26: 배성재 | J26: 승 | K26: 음포쿠 | N26: 제르소 | S26: 민경현 | T26: =COUNTIF(K$3:M$40,S26) -> 0 | U26: =COUNTIF(N$3:P$40,S26) -> 1 | V26: =T26+U26 -> 1 | Y26: 홈 | Z26: =SUM(AA26:AC26) -> 19 | AA26: =COUNTIFS(D:D,Y26,J:J,AA25) -> 7 | AB26: =COUNTIFS(D:D,Y26,J:J,AB25) -> 8 | AC26: =COUNTIFS(D:D,Y26,J:J,AC25) -> 4 | AD26: =AA26*3+AB26 -> 29 | AE26: =AA26/Z26 -> 0.36842105 | AF26: =SUMIF(D:D,Y26,E:E) -> 24 | AG26: =SUMIF(D:D,Y26,F:F) -> 18 | AH26: =AF26-AG26 -> 6 | AI26: =AD26/Z26 -> 1.5263158 | AJ26: =AF26/Z26 -> 1.2631579 | AK26: =AG26/Z26 -> 0.94736842
A27: 45144 | B27: 25 | C27: 전북 | D27: 원정 | E27: 0 | F27: 2 | G27: jtbc | H27: 김형범 | I27: 임경진 | J27: 패 | S27: 최우진 | T27: =COUNTIF(K$3:M$40,S27) -> 1 | U27: =COUNTIF(N$3:P$40,S27) -> 1 | V27: =T27+U27 -> 2 | Y27: 원정 | Z27: =SUM(AA27:AC27) -> 19 | AA27: =COUNTIFS(D:D,Y27,J:J,AA25) -> 7 | AB27: =COUNTIFS(D:D,Y27,J:J,AB25) -> 6 | AC27: =COUNTIFS(D:D,Y27,J:J,AC25) -> 6 | AD27: =AA27*3+AB27 -> 27 | AE27: =AA27/Z27 -> 0.36842105 | AF27: =SUMIF(D:D,Y27,E:E) -> 22 | AG27: =SUMIF(D:D,Y27,F:F) -> 24 | AH27: =AF27-AG27 -> -2 | AI27: =AD27/Z27 -> 1.4210526 | AJ27: =AF27/Z27 -> 1.1578947 | AK27: =AG27/Z27 -> 1.2631579
A28: 45151 | B28: 26 | C28: 대구 | D28: 홈 | E28: 3 | F28: 1 | G28: ib | H28: 강성주 | I28: 김태우 | J28: 승 | K28: 무고사 | L28: 문지환 | M28: 제르소 | N28: 제르소 | O28: 이명주 | P28: 무고사 | S28: 강윤구 | T28: =COUNTIF(K$3:M$40,S28) -> 0 | U28: =COUNTIF(N$3:P$40,S28) -> 0 | V28: =T28+U28 -> 0 | Y28: 총합 | Z28: =SUM(Z26:Z27) -> 38 | AA28: =SUM(AA26:AA27) -> 14 | AB28: =SUM(AB26:AB27) -> 14 | AC28: =SUM(AC26:AC27) -> 10 | AD28: =SUM(AD26:AD27) -> 56 | AE28: =AA28/Z28 -> 0.36842105 | AF28: =SUM(AF26:AF27) -> 46 | AG28: =SUM(AG26:AG27) -> 42 | AH28: =SUM(AH26:AH27) -> 4 | AI28: =AD28/Z28 -> 1.4736842 | AJ28: =AF28/Z28 -> 1.2105263 | AK28: =AG28/Z28 -> 1.1052632
A29: 45156 | B29: 27 | C29: 광주 | D29: 홈 | E29: 2 | F29: 2 | G29: jtbc | H29: 김환 | I29: 이인환 | J29: 무 | K29: 제르소 | L29: 제르소 | N29: 이태희 | S29: 이동수 | T29: =COUNTIF(K$3:M$40,S29) -> 0 | U29: =COUNTIF(N$3:P$40,S29) -> 0 | V29: =T29+U29 -> 0 | Y29: 팀명 | Z29: 경기 | AA29: 승 | AB29: 무 | AC29: 패 | AD29: 승점 | AE29: 승률 | AF29: 득점 | AG29: 실점 | AH29: 득실
A30: 45163 | B30: 28 | C30: 수F | D30: 원정 | E30: 2 | F30: 1 | G30: 스카이 | H30: 이상윤 | I30: 배성재 | J30: 승 | K30: 천성훈 | L30: 오반석 | N30: 김준엽 | O30: 신진호 | S30: 델브리지 | T30: =COUNTIF(K$3:M$40,S30) -> 0 | U30: =COUNTIF(N$3:P$40,S30) -> 0 | V30: =T30+U30 -> 0 | Y30: 울산 | Z30: =SUM(AA30:AC30) -> 4 | AA30: =COUNTIFS(C:C,Y30,J:J,"승") -> 2 | AB30: =COUNTIFS(C:C,Y30,J:J,"무") -> 1 | AC30: =COUNTIFS(C:C,Y30,J:J,"패") -> 1 | AD30: =AA30*3+AB30 -> 7 | AE30: =AA30/Z30 -> 0.5 | AF30: =SUMIF(C:C,Y30,E:E) -> 5 | AG30: =SUMIF(C:C,Y30,F:F) -> 3 | AH30: =AF30-AG30 -> 2
A31: 45171 | B31: 29 | C31: 포항 | D31: 홈 | E31: 0 | F31: 2 | G31: jtbc | H31: 차상엽 | I31: 임경진 | J31: 패 | S31: 오반석 | T31: =COUNTIF(K$3:M$40,S31) -> 3 | U31: =COUNTIF(N$3:P$40,S31) -> 0 | V31: =T31+U31 -> 3 | Y31: 전북 | Z31: =SUM(AA31:AC31) -> 4 | AA31: =COUNTIFS(C:C,Y31,J:J,"승") -> 0 | AB31: =COUNTIFS(C:C,Y31,J:J,"무") -> 2 | AC31: =COUNTIFS(C:C,Y31,J:J,"패") -> 2 | AD31: =AA31*3+AB31 -> 2 | AE31: =AA31/Z31 -> 0 | AF31: =SUMIF(C:C,Y31,E:E) -> 1 | AG31: =SUMIF(C:C,Y31,F:F) -> 5 | AH31: =AF31-AG31 -> -4
A32: 45185 | B32: 30 | C32: 제주 | D32: 홈 | E32: 2 | F32: 1 | G32: 스카이 | H32: 이황재 | I32: 박봉서 | J32: 승 | K32: 이명주 | L32: 에르난데스 | N32: 김도혁 | O32: 신진호 | S32: 김동민 | T32: =COUNTIF(K$3:M$40,S32) -> 0 | U32: =COUNTIF(N$3:P$40,S32) -> 0 | V32: =T32+U32 -> 0 | Y32: 포항 | Z32: =SUM(AA32:AC32) -> 4 | AA32: =COUNTIFS(C:C,Y32,J:J,"승") -> 1 | AB32: =COUNTIFS(C:C,Y32,J:J,"무") -> 1 | AC32: =COUNTIFS(C:C,Y32,J:J,"패") -> 2 | AD32: =AA32*3+AB32 -> 4 | AE32: =AA32/Z32 -> 0.25 | AF32: =SUMIF(C:C,Y32,E:E) -> 3 | AG32: =SUMIF(C:C,Y32,F:F) -> 4 | AH32: =AF32-AG32 -> -1
A33: 45193 | B33: 31 | C33: 강원 | D33: 원정 | E33: 1 | F33: 1 | G33: ib | H33: 박찬우 | I33: 정승호 | J33: 무 | K33: 무고사 | N33: 신진호 | S33: 김건희 | T33: =COUNTIF(K$3:M$40,S33) -> 0 | U33: =COUNTIF(N$3:P$40,S33) -> 0 | V33: =T33+U33 -> 0 | Y33: 제주 | Z33: =SUM(AA33:AC33) -> 3 | AA33: =COUNTIFS(C:C,Y33,J:J,"승") -> 2 | AB33: =COUNTIFS(C:C,Y33,J:J,"무") -> 0 | AC33: =COUNTIFS(C:C,Y33,J:J,"패") -> 1 | AD33: =AA33*3+AB33 -> 6 | AE33: =AA33/Z33 -> 0.66666667 | AF33: =SUMIF(C:C,Y33,E:E) -> 3 | AG33: =SUMIF(C:C,Y33,F:F) -> 3 | AH33: =AF33-AG33 -> 0
A34: 45199 | B34: 32 | C34: 수원 | D34: 홈 | E34: 2 | F34: 0 | G34: 스카이 | H34: 이황재 | I34: 김용남 | J34: 승 | K34: 무고사 | L34: 천성훈 | O34: 정동윤 | S34: 권한진 | T34: =COUNTIF(K$3:M$40,S34) -> 1 | U34: =COUNTIF(N$3:P$40,S34) -> 0 | V34: =T34+U34 -> 1 | Y34: 강원 | Z34: =SUM(AA34:AC34) -> 3 | AA34: =COUNTIFS(C:C,Y34,J:J,"승") -> 2 | AB34: =COUNTIFS(C:C,Y34,J:J,"무") -> 1 | AC34: =COUNTIFS(C:C,Y34,J:J,"패") -> 0 | AD34: =AA34*3+AB34 -> 7 | AE34: =AA34/Z34 -> 0.66666667 | AF34: =SUMIF(C:C,Y34,E:E) -> 4 | AG34: =SUMIF(C:C,Y34,F:F) -> 1 | AH34: =AF34-AG34 -> 3
A35: 45207 | B35: 33 | C35: 울산 | D35: 원정 | E35: 0 | F35: 0 | G35: jtbc | H35: 김형범 | I35: 임경진 | J35: 무 | S35: 김연수 | T35: =COUNTIF(K$3:M$40,S35) -> 0 | U35: =COUNTIF(N$3:P$40,S35) -> 0 | V35: =T35+U35 -> 0 | Y35: 수F | Z35: =SUM(AA35:AC35) -> 3 | AA35: =COUNTIFS(C:C,Y35,J:J,"승") -> 1 | AB35: =COUNTIFS(C:C,Y35,J:J,"무") -> 2 | AC35: =COUNTIFS(C:C,Y35,J:J,"패") -> 0 | AD35: =AA35*3+AB35 -> 5 | AE35: =AA35/Z35 -> 0.33333333 | AF35: =SUMIF(C:C,Y35,E:E) -> 6 | AG35: =SUMIF(C:C,Y35,F:F) -> 5 | AH35: =AF35-AG35 -> 1
A36: 45219 | B36: 34 | C36: 포항 | D36: 원정 | E36: 1 | F36: 1 | G36: 스카이 | H36: 이황재 | I36: 소준일 | J36: 무 | K36: 제르소 | N36: 김동헌 | S36: 임형진 | T36: =COUNTIF(K$3:M$40,S36) -> 0 | U36: =COUNTIF(N$3:P$40,S36) -> 0 | V36: =T36+U36 -> 0 | Y36: 서울 | Z36: =SUM(AA36:AC36) -> 3 | AA36: =COUNTIFS(C:C,Y36,J:J,"승") -> 1 | AB36: =COUNTIFS(C:C,Y36,J:J,"무") -> 1 | AC36: =COUNTIFS(C:C,Y36,J:J,"패") -> 1 | AD36: =AA36*3+AB36 -> 4 | AE36: =AA36/Z36 -> 0.33333333 | AF36: =SUMIF(C:C,Y36,E:E) -> 3 | AG36: =SUMIF(C:C,Y36,F:F) -> 3 | AH36: =AF36-AG36 -> 0
A37: 45227 | B37: 35 | C37: 광주 | D37: 원정 | E37: 2 | F37: 0 | G37: jtbc | H37: 김형범 | I37: 임경진 | J37: 승 | K37: 최우진 | L37: 김민석 | S37: 김동헌 | T37: =COUNTIF(K$3:M$40,S37) -> 0 | U37: =COUNTIF(N$3:P$40,S37) -> 1 | V37: =T37+U37 -> 1 | Y37: 대구 | Z37: =SUM(AA37:AC37) -> 4 | AA37: =COUNTIFS(C:C,Y37,J:J,"승") -> 1 | AB37: =COUNTIFS(C:C,Y37,J:J,"무") -> 2 | AC37: =COUNTIFS(C:C,Y37,J:J,"패") -> 1 | AD37: =AA37*3+AB37 -> 5 | AE37: =AA37/Z37 -> 0.25 | AF37: =SUMIF(C:C,Y37,E:E) -> 6 | AG37: =SUMIF(C:C,Y37,F:F) -> 5 | AH37: =AF37-AG37 -> 1
A38: 45242 | B38: 36 | C38: 전북 | D38: 홈 | E38: 1 | F38: 1 | G38: 스카이 | H38: 이황재 | I38: 박봉서 | J38: 무 | K38: 김도혁 | S38: 이태희 | T38: =COUNTIF(K$3:M$40,S38) -> 0 | U38: =COUNTIF(N$3:P$40,S38) -> 1 | V38: =T38+U38 -> 1 | Y38: 수원 | Z38: =SUM(AA38:AC38) -> 3 | AA38: =COUNTIFS(C:C,Y38,J:J,"승") -> 1 | AB38: =COUNTIFS(C:C,Y38,J:J,"무") -> 1 | AC38: =COUNTIFS(C:C,Y38,J:J,"패") -> 1 | AD38: =AA38*3+AB38 -> 4 | AE38: =AA38/Z38 -> 0.33333333 | AF38: =SUMIF(C:C,Y38,E:E) -> 2 | AG38: =SUMIF(C:C,Y38,F:F) -> 1 | AH38: =AF38-AG38 -> 1
A39: 45254 | B39: 37 | C39: 울산 | D39: 홈 | E39: 3 | F39: 1 | G39: jtbc | H39: 김형범 | I39: 임경진 | J39: 승 | K39: 박승호 | L39: 홍시후 | M39: 오반석 | N39: 최우진 | O39: 에르난데스 | P39: 김보섭 | S39: 민성준 | T39: =COUNTIF(K$3:M$40,S39) -> 0 | U39: =COUNTIF(N$3:P$40,S39) -> 0 | V39: =T39+U39 -> 0 | Y39: 광주 | Z39: =SUM(AA39:AC39) -> 4 | AA39: =COUNTIFS(C:C,Y39,J:J,"승") -> 1 | AB39: =COUNTIFS(C:C,Y39,J:J,"무") -> 2 | AC39: =COUNTIFS(C:C,Y39,J:J,"패") -> 1 | AD39: =AA39*3+AB39 -> 5 | AE39: =AA39/Z39 -> 0.25 | AF39: =SUMIF(C:C,Y39,E:E) -> 5 | AG39: =SUMIF(C:C,Y39,F:F) -> 8 | AH39: =AF39-AG39 -> -3
A40: 45263 | B40: 38 | C40: 대구 | D40: 원정 | E40: 1 | F40: 2 | G40: ib | H40: 강성주 | I40: 김태우 | J40: 패 | K40: 에르난데스 | N40: 홍시후 | S40: 김유성 | T40: =COUNTIF(K$3:M$40,S40) -> 0 | U40: =COUNTIF(N$3:P$40,S40) -> 0 | V40: =T40+U40 -> 0 | Y40: 대전 | Z40: =SUM(AA40:AC40) -> 3 | AA40: =COUNTIFS(C:C,Y40,J:J,"승") -> 2 | AB40: =COUNTIFS(C:C,Y40,J:J,"무") -> 1 | AC40: =COUNTIFS(C:C,Y40,J:J,"패") -> 0 | AD40: =AA40*3+AB40 -> 7 | AE40: =AA40/Z40 -> 0.66666667 | AF40: =SUMIF(C:C,Y40,E:E) -> 8 | AG40: =SUMIF(C:C,Y40,F:F) -> 4 | AH40: =AF40-AG40 -> 4

Sheet 2023 ACL
A2: 일자 | B2: 라운드 | C2: 상대팀 | D2: 홈/원정 | E2: 득점 | F2: 실점 | G2: 중계채널 | H2: 해설 | I2: 캐스터 | J2: 결과 | K2: 득점1 | L2: 득점2 | M2: 득점3 | N2: 득점4 | O2: 득점5 | P2: 도움1 | Q2: 도움2 | R2: 도움3 | S2: 도움4 | T2: 도움5 | W2: 이름 | X2: 득점 | Y2: 도움 | Z2: 합계 | AC2: 중계채널 | AD2: 경기 | AE2: 승 | AF2: 무 | AG2: 패 | AH2: 승점 | AI2: 승률 | AJ2: 평균승점 | AN2: 해설자 | AO2: 경기 | AP2: 승 | AQ2: 무 | AR2: 패 | AS2: 승점 | AT2: 승률 | AU2: 평균승점
A3: 45160 | B3: P.O | C3: 하이퐁 | D3: 홈 | E3: 3 | F3: 1 | G3: 스카이 | H3: 박문성 | I3: 소준일 | J3: 승 | K3: 천성훈 | L3: 에르난데스 | M3: 제르소 | P3: 무고사 | Q3: 제르소 | W3: 에르난데스 | X3: =COUNTIF(K$3:O$40,W3) -> 5 | Y3: =COUNTIF(P$3:T$40,W3) -> 0 | Z3: =X3+Y3 -> 5 | AC3: TVN | AD3: =SUM(AE3:AG3) -> 5 | AE3: =COUNTIFS(G:G,AC3,J:J,AE$2) -> 3 | AF3: =COUNTIFS(G:G,AC3,J:J,AF$2) -> 0 | AG3: =COUNTIFS(G:G,AC3,J:J,AG$2) -> 2 | AH3: =AE3*3+AF3 -> 9 | AI3: =AE3/AD3 -> 0.6 | AJ3: =AH3/AD3 -> 1.8 | AN3: 서형욱 | AO3: =SUM(AP3:AR3) -> 1 | AP3: =COUNTIFS(H:H,AN3,J:J,AP$2) -> 0 | AQ3: =COUNTIFS(H:H,AN3,J:J,AQ$2) -> 0 | AR3: =COUNTIFS(H:H,AN3,J:J,AR$2) -> 1 | AS3: =AP3*3+AQ3 -> 0 | AT3: =AP3/AO3 -> 0 | AU3: =AS3/AO3 -> 0
A4: 45188 | B4: 1 | C4: 요코하마 | D4: 원정 | E4: 4 | F4: 2 | G4: TVN | H4: 김민구 | I4: 윤영주 | J4: 승 | K4: O.G | L4: 제르소 | M4: 에르난데스 | N4: 에르난데스 | Q4: 김도혁 | R4: 음포쿠 | S4: 음포쿠 | W4: 제르소 | X4: =COUNTIF(K$3:O$40,W4) -> 2 | Y4: =COUNTIF(P$3:T$40,W4) -> 2 | Z4: =X4+Y4 -> 4 | AC4: 스카이 | AD4: =SUM(AE4:AG4) -> 1 | AE4: =COUNTIFS(G:G,AC4,J:J,AE$2) -> 1 | AF4: =COUNTIFS(G:G,AC4,J:J,AF$2) -> 0 | AG4: =COUNTIFS(G:G,AC4,J:J,AG$2) -> 0 | AH4: =AE4*3+AF4 -> 3 | AI4: =AE4/AD4 -> 1 | AJ4: =AH4/AD4 -> 3 | AN4: 김민구 | AO4: =SUM(AP4:AR4) -> 2 | AP4: =COUNTIFS(H:H,AN4,J:J,AP$2) -> 2 | AQ4: =COUNTIFS(H:H,AN4,J:J,AQ$2) -> 0 | AR4: =COUNTIFS(H:H,AN4,J:J,AR$2) -> 0 | AS4: =AP4*3+AQ4 -> 6 | AT4: =AP4/AO4 -> 1 | AU4: =AS4/AO4 -> 3
A5: 45202 | B5: 2 | C5: 카야 | D5: 홈 | E5: 4 | F5: 0 | G5: TVN | H5: 김민구 | I5: 윤영주 | J5: 승 | K5: 무고사 | L5: 무고사 | M5: 에르난데스 | N5: 음포쿠 | P5: 민경현 | R5: 제르소 | W5: 음포쿠 | X5: =COUNTIF(K$3:O$40,W5) -> 1 | Y5: =COUNTIF(P$3:T$40,W5) -> 2 | Z5: =X5+Y5 -> 3 | AN5: 박문성 | AO5: =SUM(AP5:AR5) -> 1 | AP5: =COUNTIFS(H:H,AN5,J:J,AP$2) -> 1 | AQ5: =COUNTIFS(H:H,AN5,J:J,AQ$2) -> 0 | AR5: =COUNTIFS(H:H,AN5,J:J,AR$2) -> 0 | AS5: =AP5*3+AQ5 -> 3 | AT5: =AP5/AO5 -> 1 | AU5: =AS5/AO5 -> 3
A6: 45224 | B6: 3 | C6: 산둥 | D6: 홈 | E6: 0 | F6: 2 | G6: TVN | H6: 서형욱 | I6: 박용식 | J6: 패 | W6: 김보섭 | X6: =COUNTIF(K$3:O$40,W6) -> 0 | Y6: =COUNTIF(P$3:T$40,W6) -> 1 | Z6: =X6+Y6 -> 1
A7: 45237 | B7: 4 | C7: 산둥 | D7: 원정 | E7: 1 | F7: 3 | G7: TVN | I7: 윤영주 | J7: 패 | K7: 김도혁 | P7: 김민석 | W7: 천성훈 | X7: =COUNTIF(K$3:O$40,W7) -> 1 | Y7: =COUNTIF(P$3:T$40,W7) -> 0 | Z7: =X7+Y7 -> 1 | AB7: 홈/원정 | AC7: 중계채널 | AD7: 경기 | AE7: 승 | AF7: 무 | AG7: 패 | AH7: 승점 | AI7: 승률 | AJ7: 평균승점
A8: 45258 | B8: 5 | C8: 요코하마 | D8: 홈 | E8: 2 | F8: 1 | G8: TVN | J8: 승 | K8: 홍시후 | L8: 에르난데스 | Q8: 김보섭 | W8: 무고사 | X8: =COUNTIF(K$3:O$40,W8) -> 2 | Y8: =COUNTIF(P$3:T$40,W8) -> 1 | Z8: =X8+Y8 -> 3 | AB8: 홈 | AC8: TVN | AD8: =SUM(AE8:AG8) -> 3 | AE8: =COUNTIFS(D:D,AB8,G:G,AC8,J:J,AE$7) -> 2 | AF8: =COUNTIFS(D:D,AB8,G:G,AC8,J:J,AF$7) -> 0 | AG8: =COUNTIFS(D:D,AB8,G:G,AC8,J:J,AG$7) -> 1 | AH8: =AE8*3+AF8 -> 6 | AI8: =AE8/AD8 -> 0.66666667 | AJ8: =AH8/AD8 -> 2
A9: 45273 | B9: 6 | C9: 카야 | D9: 원정 | G9: TVN | W9: 홍시후 | X9: =COUNTIF(K$3:O$40,W9) -> 1 | Y9: =COUNTIF(P$3:T$40,W9) -> 0 | Z9: =X9+Y9 -> 1 | AB9: 홈 | AC9: 스카이 | AD9: =SUM(AE9:AG9) -> 1 | AE9: =COUNTIFS(D:D,AB9,G:G,AC9,J:J,AE$7) -> 1 | AF9: =COUNTIFS(D:D,AB9,G:G,AC9,J:J,AF$7) -> 0 | AG9: =COUNTIFS(D:D,AB9,G:G,AC9,J:J,AG$7) -> 0 | AH9: =AE9*3+AF9 -> 3 | AI9: =AE9/AD9 -> 1 | AJ9: =AH9/AD9 -> 3
W10: 김민석 | X10: =COUNTIF(K$3:O$40,W10) -> 0 | Y10: =COUNTIF(P$3:T$40,W10) -> 1 | Z10: =X10+Y10 -> 1
W11: 김대중 | X11: =COUNTIF(K$3:O$40,W11) -> 0 | Y11: =COUNTIF(P$3:T$40,W11) -> 0 | Z11: =X11+Y11 -> 0
W12: 박승호 | X12: =COUNTIF(K$3:O$40,W12) -> 0 | Y12: =COUNTIF(P$3:T$40,W12) -> 0 | Z12: =X12+Y12 -> 0 | AB12: 홈/원정 | AC12: 중계채널 | AD12: 경기 | AE12: 승 | AF12: 무 | AG12: 패 | AH12: 승점 | AI12: 승률 | AJ12: 평균승점
W13: 하동선 | X13: =COUNTIF(K$3:O$40,W13) -> 0 | Y13: =COUNTIF(P$3:T$40,W13) -> 0 | Z13: =X13+Y13 -> 0 | AB13: 원정 | AC13: TVN | AD13: =SUM(AE13:AG13) -> 2 | AE13: =COUNTIFS(D:D,AB13,G:G,AC13,J:J,AE$12) -> 1 | AF13: =COUNTIFS(D:D,AB13,G:G,AC13,J:J,AF$12) -> 0 | AG13: =COUNTIFS(D:D,AB13,G:G,AC13,J:J,AG$12) -> 1 | AH13: =AE13*3+AF13 -> 3 | AI13: =AE13/AD13 -> 0.5 | AJ13: =AH13/AD13 -> 1.5
W14: 송시우 | X14: =COUNTIF(K$3:O$40,W14) -> 0 | Y14: =COUNTIF(P$3:T$40,W14) -> 0 | Z14: =X14+Y14 -> 0 | AB14: 원정 | AC14: 스카이 | AD14: =SUM(AE14:AG14) -> 0 | AE14: =COUNTIFS(D:D,AB14,G:G,AC14,J:J,AE$12) -> 0 | AF14: =COUNTIFS(D:D,AB14,G:G,AC14,J:J,AF$12) -> 0 | AG14: =COUNTIFS(D:D,AB14,G:G,AC14,J:J,AG$12) -> 0 | AH14: =AE14*3+AF14 -> 0 | AN14: 캐스터 | AO14: 경기 | AP14: 승 | AQ14: 무 | AR14: 패 | AS14: 승점 | AT14: 승률 | AU14: 평균승점
W15: 지언학 | X15: =COUNTIF(K$3:O$40,W15) -> 0 | Y15: =COUNTIF(P$3:T$40,W15) -> 0 | Z15: =X15+Y15 -> 0 | AN15: 박용식 | AO15: =SUM(AP15:AR15) -> 1 | AP15: =COUNTIFS(I:I,AN15,J:J,AP$14) -> 0 | AQ15: =COUNTIFS(I:I,AN15,J:J,AQ$14) -> 0 | AR15: =COUNTIFS(I:I,AN15,J:J,AR$14) -> 1 | AS15: =AP15*3+AQ15 -> 0 | AT15: =AP15/AO15 -> 0 | AU15: =AS15/AO15 -> 0
W16: 이명주 | X16: =COUNTIF(K$3:O$40,W16) -> 0 | Y16: =COUNTIF(P$3:T$40,W16) -> 0 | Z16: =X16+Y16 -> 0 | AN16: 윤영주 | AO16: =SUM(AP16:AR16) -> 3 | AP16: =COUNTIFS(I:I,AN16,J:J,AP$14) -> 2 | AQ16: =COUNTIFS(I:I,AN16,J:J,AQ$14) -> 0 | AR16: =COUNTIFS(I:I,AN16,J:J,AR$14) -> 1 | AS16: =AP16*3+AQ16 -> 6 | AT16: =AP16/AO16 -> 0.66666667 | AU16: =AS16/AO16 -> 2
W17: 김도혁 | X17: =COUNTIF(K$3:O$40,W17) -> 1 | Y17: =COUNTIF(P$3:T$40,W17) -> 1 | Z17: =X17+Y17 -> 2 | AN17: 소준일 | AO17: =SUM(AP17:AR17) -> 1 | AP17: =COUNTIFS(I:I,AN17,J:J,AP14) -> 1 | AQ17: =COUNTIFS(I:I,AN17,J:J,AQ14) -> 0 | AR17: =COUNTIFS(I:I,AN17,J:J,AR14) -> 0 | AS17: =AP17*3+AQ17 -> 3 | AT17: =AP17/AO17 -> 1 | AU17: =AS17/AO17 -> 3
W18: 문지환 | X18: =COUNTIF(K$3:O$40,W18) -> 0 | Y18: =COUNTIF(P$3:T$40,W18) -> 0 | Z18: =X18+Y18 -> 0
W19: 신진호 | X19: =COUNTIF(K$3:O$40,W19) -> 0 | Y19: =COUNTIF(P$3:T$40,W19) -> 0 | Z19: =X19+Y19 -> 0
W20: 박현빈 | X20: =COUNTIF(K$3:O$40,W20) -> 0 | Y20: =COUNTIF(P$3:T$40,W20) -> 0 | Z20: =X20+Y20 -> 0
W21: 김현서 | X21: =COUNTIF(K$3:O$40,W21) -> 0 | Y21: =COUNTIF(P$3:T$40,W21) -> 0 | Z21: =X21+Y21 -> 0
W22: 김세훈 | X22: =COUNTIF(K$3:O$40,W22) -> 0 | Y22: =COUNTIF(P$3:T$40,W22) -> 0 | Z22: =X22+Y22 -> 0
W23: 박진홍 | X23: =COUNTIF(K$3:O$40,W23) -> 0 | Y23: =COUNTIF(P$3:T$40,W23) -> 0 | Z23: =X23+Y23 -> 0
W24: 김준엽 | X24: =COUNTIF(K$3:O$40,W24) -> 0 | Y24: =COUNTIF(P$3:T$40,W24) -> 0 | Z24: =X24+Y24 -> 0
W25: 정동윤 | X25: =COUNTIF(K$3:O$40,W25) -> 0 | Y25: =COUNTIF(P$3:T$40,W25) -> 0 | Z25: =X25+Y25 -> 0 | AC25: 홈/원정 | AD25: 경기 | AE25: 승 | AF25: 무 | AG25: 패 | AH25: 승점 | AI25: 승률 | AJ25: 득점 | AK25: 실점 | AL25: 득실 | AM25: 평균 승점 | AN25: 평균 득점 | AO25: 평균 실점
W26: 민경현 | X26: =COUNTIF(K$3:O$40,W26) -> 0 | Y26: =COUNTIF(P$3:T$40,W26) -> 1 | Z26: =X26+Y26 -> 1 | AC26: 홈 | AD26: =SUM(AE26:AG26) -> 4 | AE26: =COUNTIFS(D:D,AC26,J:J,AE25) -> 3 | AF26: =COUNTIFS(D:D,AC26,J:J,AF25) -> 0 | AG26: =COUNTIFS(D:D,AC26,J:J,AG25) -> 1 | AH26: =AE26*3+AF26 -> 9 | AI26: =AE26/AD26 -> 0.75 | AJ26: =SUMIF(D:D,AC26,E:E) -> 9 | AK26: =SUMIF(D:D,AC26,F:F) -> 4 | AL26: =AJ26-AK26 -> 5 | AM26: =AH26/AD26 -> 2.25 | AN26: =AJ26/AD26 -> 2.25 | AO26: =AK26/AD26 -> 1
W27: 최우진 | X27: =COUNTIF(K$3:O$40,W27) -> 0 | Y27: =COUNTIF(P$3:T$40,W27) -> 0 | Z27: =X27+Y27 -> 0 | AC27: 원정 | AD27: =SUM(AE27:AG27) -> 2 | AE27: =COUNTIFS(D:D,AC27,J:J,AE25) -> 1 | AF27: =COUNTIFS(D:D,AC27,J:J,AF25) -> 0 | AG27: =COUNTIFS(D:D,AC27,J:J,AG25) -> 1 | AH27: =AE27*3+AF27 -> 3 | AI27: =AE27/AD27 -> 0.5 | AJ27: =SUMIF(D:D,AC27,E:E) -> 5 | AK27: =SUMIF(D:D,AC27,F:F) -> 5 | AL27: =AJ27-AK27 -> 0 | AM27: =AH27/AD27 -> 1.5 | AN27: =AJ27/AD27 -> 2.5 | AO27: =AK27/AD27 -> 2.5
W28: 강윤구 | X28: =COUNTIF(K$3:O$40,W28) -> 0 | Y28: =COUNTIF(P$3:T$40,W28) -> 0 | Z28: =X28+Y28 -> 0 | AC28: 총합 | AD28: =SUM(AD26:AD27) -> 6 | AE28: =SUM(AE26:AE27) -> 4 | AF28: =SUM(AF26:AF27) -> 0 | AG28: =SUM(AG26:AG27) -> 2 | AH28: =SUM(AH26:AH27) -> 12 | AI28: =AE28/AD28 -> 0.66666667 | AJ28: =SUM(AJ26:AJ27) -> 14 | AK28: =SUM(AK26:AK27) -> 9 | AL28: =SUM(AL26:AL27) -> 5 | AM28: =AH28/AD28 -> 2 | AN28: =AJ28/AD28 -> 2.3333333 | AO28: =AK28/AD28 -> 1.5
W29: 이동수 | X29: =COUNTIF(K$3:O$40,W29) -> 0 | Y29: =COUNTIF(P$3:T$40,W29) -> 0 | Z29: =X29+Y29 -> 0 | AC29: 팀명 | AD29: 경기 | AE29: 승 | AF29: 무 | AG29: 패 | AH29: 승점 | AI29: 승률 | AJ29: 득점 | AK29: 실점 | AL29: 득실
W30: 델브리지 | X30: =COUNTIF(K$3:O$40,W30) -> 0 | Y30: =COUNTIF(P$3:T$40,W30) -> 0 | Z30: =X30+Y30 -> 0 | AC30: 하이퐁 | AD30: =SUM(AE30:AG30) -> 1 | AE30: =COUNTIFS(C:C,AC30,J:J,"승") -> 1 | AF30: =COUNTIFS(C:C,AC30,J:J,"무") -> 0 | AG30: =COUNTIFS(C:C,AC30,J:J,"패") -> 0 | AH30: =AE30*3+AF30 -> 3 | AI30: =AE30/AD30 -> 1 | AJ30: =SUMIF(C:C,AC30,E:E) -> 3 | AK30: =SUMIF(C:C,AC30,F:F) -> 1 | AL30: =AJ30-AK30 -> 2
